-- phpMyAdmin SQL Dump
-- version 4.9.1
-- https://www.phpmyadmin.net/
--
-- Servidor: 127.0.0.1
-- Tiempo de generación: 24-01-2020 a las 23:42:13
-- Versión del servidor: 10.4.8-MariaDB
-- Versión de PHP: 7.3.11

SET SQL_MODE = "NO_AUTO_VALUE_ON_ZERO";
SET AUTOCOMMIT = 0;
START TRANSACTION;
SET time_zone = "+00:00";


/*!40101 SET @OLD_CHARACTER_SET_CLIENT=@@CHARACTER_SET_CLIENT */;
/*!40101 SET @OLD_CHARACTER_SET_RESULTS=@@CHARACTER_SET_RESULTS */;
/*!40101 SET @OLD_COLLATION_CONNECTION=@@COLLATION_CONNECTION */;
/*!40101 SET NAMES utf8mb4 */;

--
-- Base de datos: `agroman_ip`
--

-- --------------------------------------------------------

--
-- Estructura de tabla para la tabla `categorias`
--

CREATE TABLE `categorias` (
  `id` bigint(20) UNSIGNED NOT NULL,
  `nombre` varchar(50) COLLATE utf8mb4_unicode_ci NOT NULL,
  `estado` tinyint(1) NOT NULL DEFAULT 1,
  `created_at` timestamp NULL DEFAULT NULL,
  `updated_at` timestamp NULL DEFAULT NULL
) ENGINE=InnoDB DEFAULT CHARSET=utf8mb4 COLLATE=utf8mb4_unicode_ci;

-- --------------------------------------------------------

--
-- Estructura de tabla para la tabla `cuentas`
--

CREATE TABLE `cuentas` (
  `id` bigint(20) UNSIGNED NOT NULL,
  `usuario_id` bigint(20) UNSIGNED NOT NULL,
  `ip` varchar(20) COLLATE utf8mb4_unicode_ci DEFAULT NULL,
  `usuario_sap` varchar(50) COLLATE utf8mb4_unicode_ci DEFAULT NULL,
  `password_sap` varchar(50) COLLATE utf8mb4_unicode_ci DEFAULT NULL,
  `usuario_ad` varchar(50) COLLATE utf8mb4_unicode_ci DEFAULT NULL,
  `password_ad` varchar(50) COLLATE utf8mb4_unicode_ci DEFAULT NULL,
  `telefono_ip` varchar(50) COLLATE utf8mb4_unicode_ci DEFAULT NULL,
  `estado` tinyint(1) NOT NULL DEFAULT 1,
  `created_at` timestamp NULL DEFAULT NULL,
  `updated_at` timestamp NULL DEFAULT NULL
) ENGINE=InnoDB DEFAULT CHARSET=utf8mb4 COLLATE=utf8mb4_unicode_ci;

--
-- Volcado de datos para la tabla `cuentas`
--

INSERT INTO `cuentas` (`id`, `usuario_id`, `ip`, `usuario_sap`, `password_sap`, `usuario_ad`, `password_ad`, `telefono_ip`, `estado`, `created_at`, `updated_at`) VALUES
(1, 36, '192.168.10.140', NULL, NULL, NULL, NULL, NULL, 1, '2020-01-25 02:38:13', '2020-01-25 02:38:34');

-- --------------------------------------------------------

--
-- Estructura de tabla para la tabla `departamentos`
--

CREATE TABLE `departamentos` (
  `id` bigint(20) UNSIGNED NOT NULL,
  `nombre` varchar(50) COLLATE utf8mb4_unicode_ci NOT NULL,
  `estado` tinyint(1) NOT NULL DEFAULT 1,
  `created_at` timestamp NULL DEFAULT NULL,
  `updated_at` timestamp NULL DEFAULT NULL
) ENGINE=InnoDB DEFAULT CHARSET=utf8mb4 COLLATE=utf8mb4_unicode_ci;

--
-- Volcado de datos para la tabla `departamentos`
--

INSERT INTO `departamentos` (`id`, `nombre`, `estado`, `created_at`, `updated_at`) VALUES
(1, 'Administracion', 1, '2019-12-11 04:04:57', '2019-12-11 04:06:20'),
(2, 'Tesoreria', 1, '2019-12-11 04:06:29', '2019-12-11 04:06:29'),
(3, 'RRHH', 1, '2019-12-11 04:06:40', '2019-12-11 04:06:40'),
(4, 'Comercial', 1, '2019-12-11 04:06:47', '2019-12-11 04:06:47'),
(5, 'Contabilidad', 1, '2019-12-11 04:06:56', '2019-12-11 04:06:56'),
(6, 'Logistica', 1, '2019-12-11 04:07:03', '2019-12-11 04:07:03'),
(7, 'Sistemas', 1, '2019-12-11 04:07:10', '2019-12-11 04:07:10'),
(8, 'Almacen', 1, '2019-12-11 04:07:29', '2019-12-11 04:07:29'),
(9, 'Cajas', 1, '2019-12-11 04:07:35', '2019-12-13 13:41:18'),
(10, 'Ventas', 1, '2019-12-11 04:07:44', '2019-12-11 04:07:44'),
(11, 'Area Tecnica', 1, '2019-12-13 00:39:53', '2019-12-13 00:39:53'),
(12, 'Salas', 1, '2019-12-13 02:03:38', '2019-12-13 02:03:38');

-- --------------------------------------------------------

--
-- Estructura de tabla para la tabla `empresas`
--

CREATE TABLE `empresas` (
  `id` bigint(20) UNSIGNED NOT NULL,
  `nombre` varchar(50) COLLATE utf8mb4_unicode_ci NOT NULL,
  `estado` tinyint(1) NOT NULL DEFAULT 1,
  `created_at` timestamp NULL DEFAULT NULL,
  `updated_at` timestamp NULL DEFAULT NULL
) ENGINE=InnoDB DEFAULT CHARSET=utf8mb4 COLLATE=utf8mb4_unicode_ci;

--
-- Volcado de datos para la tabla `empresas`
--

INSERT INTO `empresas` (`id`, `nombre`, `estado`, `created_at`, `updated_at`) VALUES
(1, 'AGROMAN', 1, NULL, NULL),
(2, 'AGROGENTE', 1, NULL, NULL);

-- --------------------------------------------------------

--
-- Estructura de tabla para la tabla `equipos`
--

CREATE TABLE `equipos` (
  `id` bigint(20) UNSIGNED NOT NULL,
  `categoria_id` bigint(20) UNSIGNED DEFAULT NULL,
  `serie` varchar(50) COLLATE utf8mb4_unicode_ci NOT NULL,
  `descripcion` text COLLATE utf8mb4_unicode_ci DEFAULT NULL,
  `stock` int(11) DEFAULT NULL,
  `tipo` varchar(20) COLLATE utf8mb4_unicode_ci NOT NULL,
  `estado` tinyint(1) NOT NULL DEFAULT 1,
  `created_at` timestamp NULL DEFAULT NULL,
  `updated_at` timestamp NULL DEFAULT NULL
) ENGINE=InnoDB DEFAULT CHARSET=utf8mb4 COLLATE=utf8mb4_unicode_ci;

-- --------------------------------------------------------

--
-- Estructura de tabla para la tabla `failed_jobs`
--

CREATE TABLE `failed_jobs` (
  `id` bigint(20) UNSIGNED NOT NULL,
  `connection` text COLLATE utf8mb4_unicode_ci NOT NULL,
  `queue` text COLLATE utf8mb4_unicode_ci NOT NULL,
  `payload` longtext COLLATE utf8mb4_unicode_ci NOT NULL,
  `exception` longtext COLLATE utf8mb4_unicode_ci NOT NULL,
  `failed_at` timestamp NOT NULL DEFAULT current_timestamp()
) ENGINE=InnoDB DEFAULT CHARSET=utf8mb4 COLLATE=utf8mb4_unicode_ci;

-- --------------------------------------------------------

--
-- Estructura de tabla para la tabla `migrations`
--

CREATE TABLE `migrations` (
  `id` int(10) UNSIGNED NOT NULL,
  `migration` varchar(191) COLLATE utf8mb4_unicode_ci NOT NULL,
  `batch` int(11) NOT NULL
) ENGINE=InnoDB DEFAULT CHARSET=utf8mb4 COLLATE=utf8mb4_unicode_ci;

--
-- Volcado de datos para la tabla `migrations`
--

INSERT INTO `migrations` (`id`, `migration`, `batch`) VALUES
(1, '2014_10_12_000000_create_users_table', 1),
(2, '2014_10_12_100000_create_password_resets_table', 1),
(3, '2019_08_19_000000_create_failed_jobs_table', 1),
(4, '2019_11_30_130441_create_empresas_table', 1),
(5, '2019_11_30_130441_create_sucursals_table', 1),
(6, '2019_11_30_140820_create_departamentos_table', 1),
(7, '2019_11_30_153040_create_usuarios_table', 1),
(8, '2020_01_07_143247_create_cuentas_table', 1),
(9, '2020_01_07_145739_create_categorias_table', 1),
(10, '2020_01_07_145748_create_equipos_table', 1),
(11, '2020_01_07_151245_create_notas_table', 1),
(12, '2020_01_07_151250_create_nota_equipos_table', 1),
(13, '2020_01_07_152409_create_servicios_table', 1),
(14, '2020_01_24_150232_create_servidores_table', 1),
(15, '2020_01_24_155002_create_routers_table', 1),
(16, '2020_01_24_185728_create_red_table', 1);

-- --------------------------------------------------------

--
-- Estructura de tabla para la tabla `notas`
--

CREATE TABLE `notas` (
  `id` bigint(20) UNSIGNED NOT NULL,
  `usuario_id` bigint(20) UNSIGNED DEFAULT NULL,
  `fecha` date NOT NULL,
  `descripcion` text COLLATE utf8mb4_unicode_ci DEFAULT NULL,
  `tipo` varchar(20) COLLATE utf8mb4_unicode_ci NOT NULL,
  `estado` tinyint(1) NOT NULL DEFAULT 1,
  `created_at` timestamp NULL DEFAULT NULL,
  `updated_at` timestamp NULL DEFAULT NULL
) ENGINE=InnoDB DEFAULT CHARSET=utf8mb4 COLLATE=utf8mb4_unicode_ci;

-- --------------------------------------------------------

--
-- Estructura de tabla para la tabla `nota_equipos`
--

CREATE TABLE `nota_equipos` (
  `id` bigint(20) UNSIGNED NOT NULL,
  `nota_id` bigint(20) UNSIGNED NOT NULL,
  `equipo_id` bigint(20) UNSIGNED NOT NULL,
  `cantidad` int(11) NOT NULL,
  `estado` tinyint(1) NOT NULL DEFAULT 1,
  `created_at` timestamp NULL DEFAULT NULL,
  `updated_at` timestamp NULL DEFAULT NULL
) ENGINE=InnoDB DEFAULT CHARSET=utf8mb4 COLLATE=utf8mb4_unicode_ci;

-- --------------------------------------------------------

--
-- Estructura de tabla para la tabla `password_resets`
--

CREATE TABLE `password_resets` (
  `email` varchar(191) COLLATE utf8mb4_unicode_ci NOT NULL,
  `token` varchar(191) COLLATE utf8mb4_unicode_ci NOT NULL,
  `created_at` timestamp NULL DEFAULT NULL
) ENGINE=InnoDB DEFAULT CHARSET=utf8mb4 COLLATE=utf8mb4_unicode_ci;

-- --------------------------------------------------------

--
-- Estructura de tabla para la tabla `red`
--

CREATE TABLE `red` (
  `id` bigint(20) UNSIGNED NOT NULL,
  `ip` varchar(100) COLLATE utf8mb4_unicode_ci NOT NULL,
  `tabla` varchar(50) COLLATE utf8mb4_unicode_ci DEFAULT NULL,
  `tabla_id` varchar(100) COLLATE utf8mb4_unicode_ci DEFAULT NULL,
  `estado` tinyint(1) NOT NULL DEFAULT 1,
  `created_at` timestamp NULL DEFAULT NULL,
  `updated_at` timestamp NULL DEFAULT NULL
) ENGINE=InnoDB DEFAULT CHARSET=utf8mb4 COLLATE=utf8mb4_unicode_ci;

--
-- Volcado de datos para la tabla `red`
--

INSERT INTO `red` (`id`, `ip`, `tabla`, `tabla_id`, `estado`, `created_at`, `updated_at`) VALUES
(1, '192.168.20.1', '', '', 1, '2020-01-25 06:08:55', '2020-01-25 06:08:55'),
(2, '192.168.20.2', '', '', 1, '2020-01-25 06:08:55', '2020-01-25 06:08:55'),
(3, '192.168.20.3', '', '', 1, '2020-01-25 06:08:55', '2020-01-25 06:08:55'),
(4, '192.168.20.4', '', '', 1, '2020-01-25 06:08:55', '2020-01-25 06:08:55'),
(5, '192.168.20.5', '', '', 1, '2020-01-25 06:08:55', '2020-01-25 06:08:55'),
(6, '192.168.20.6', '', '', 1, '2020-01-25 06:08:55', '2020-01-25 06:08:55'),
(7, '192.168.20.7', '', '', 1, '2020-01-25 06:08:55', '2020-01-25 06:08:55'),
(8, '192.168.20.8', '', '', 1, '2020-01-25 06:08:55', '2020-01-25 06:08:55'),
(9, '192.168.20.9', '', '', 1, '2020-01-25 06:08:55', '2020-01-25 06:08:55'),
(10, '192.168.20.10', '', '', 1, '2020-01-25 06:08:55', '2020-01-25 06:08:55'),
(11, '192.168.20.11', '', '', 1, '2020-01-25 06:08:55', '2020-01-25 06:08:55'),
(12, '192.168.20.12', '', '', 1, '2020-01-25 06:08:55', '2020-01-25 06:08:55'),
(13, '192.168.20.13', '', '', 1, '2020-01-25 06:08:55', '2020-01-25 06:08:55'),
(14, '192.168.20.14', '', '', 1, '2020-01-25 06:08:55', '2020-01-25 06:08:55'),
(15, '192.168.20.15', '', '', 1, '2020-01-25 06:08:55', '2020-01-25 06:08:55'),
(16, '192.168.20.16', '', '', 1, '2020-01-25 06:08:55', '2020-01-25 06:08:55'),
(17, '192.168.20.17', '', '', 1, '2020-01-25 06:08:55', '2020-01-25 06:08:55'),
(18, '192.168.20.18', '', '', 1, '2020-01-25 06:08:55', '2020-01-25 06:08:55'),
(19, '192.168.20.19', '', '', 1, '2020-01-25 06:08:55', '2020-01-25 06:08:55'),
(20, '192.168.20.20', '', '', 1, '2020-01-25 06:08:55', '2020-01-25 06:08:55'),
(21, '192.168.20.21', '', '', 1, '2020-01-25 06:08:55', '2020-01-25 06:08:55'),
(22, '192.168.20.22', '', '', 1, '2020-01-25 06:08:55', '2020-01-25 06:08:55'),
(23, '192.168.20.23', '', '', 1, '2020-01-25 06:08:55', '2020-01-25 06:08:55'),
(24, '192.168.20.24', '', '', 1, '2020-01-25 06:08:55', '2020-01-25 06:08:55'),
(25, '192.168.20.25', '', '', 1, '2020-01-25 06:08:55', '2020-01-25 06:08:55'),
(26, '192.168.20.26', '', '', 1, '2020-01-25 06:08:55', '2020-01-25 06:08:55'),
(27, '192.168.20.27', '', '', 1, '2020-01-25 06:08:55', '2020-01-25 06:08:55'),
(28, '192.168.20.28', '', '', 1, '2020-01-25 06:08:55', '2020-01-25 06:08:55'),
(29, '192.168.20.29', '', '', 1, '2020-01-25 06:08:55', '2020-01-25 06:08:55'),
(30, '192.168.20.30', '', '', 1, '2020-01-25 06:08:55', '2020-01-25 06:08:55'),
(31, '192.168.20.31', '', '', 1, '2020-01-25 06:08:55', '2020-01-25 06:08:55'),
(32, '192.168.20.32', '', '', 1, '2020-01-25 06:08:55', '2020-01-25 06:08:55'),
(33, '192.168.20.33', '', '', 1, '2020-01-25 06:08:55', '2020-01-25 06:08:55'),
(34, '192.168.20.34', '', '', 1, '2020-01-25 06:08:55', '2020-01-25 06:08:55'),
(35, '192.168.20.35', '', '', 1, '2020-01-25 06:08:55', '2020-01-25 06:08:55'),
(36, '192.168.20.36', '', '', 1, '2020-01-25 06:08:55', '2020-01-25 06:08:55'),
(37, '192.168.20.37', '', '', 1, '2020-01-25 06:08:55', '2020-01-25 06:08:55'),
(38, '192.168.20.38', '', '', 1, '2020-01-25 06:08:55', '2020-01-25 06:08:55'),
(39, '192.168.20.39', '', '', 1, '2020-01-25 06:08:55', '2020-01-25 06:08:55'),
(40, '192.168.20.40', '', '', 1, '2020-01-25 06:08:55', '2020-01-25 06:08:55'),
(41, '192.168.20.41', '', '', 1, '2020-01-25 06:08:55', '2020-01-25 06:08:55'),
(42, '192.168.20.42', '', '', 1, '2020-01-25 06:08:55', '2020-01-25 06:08:55'),
(43, '192.168.20.43', '', '', 1, '2020-01-25 06:08:55', '2020-01-25 06:08:55'),
(44, '192.168.20.44', '', '', 1, '2020-01-25 06:08:55', '2020-01-25 06:08:55'),
(45, '192.168.20.45', '', '', 1, '2020-01-25 06:08:55', '2020-01-25 06:08:55'),
(46, '192.168.20.46', '', '', 1, '2020-01-25 06:08:55', '2020-01-25 06:08:55'),
(47, '192.168.20.47', '', '', 1, '2020-01-25 06:08:55', '2020-01-25 06:08:55'),
(48, '192.168.20.48', '', '', 1, '2020-01-25 06:08:55', '2020-01-25 06:08:55'),
(49, '192.168.20.49', '', '', 1, '2020-01-25 06:08:55', '2020-01-25 06:08:55'),
(50, '192.168.20.50', '', '', 1, '2020-01-25 06:08:55', '2020-01-25 06:08:55'),
(51, '192.168.20.51', '', '', 1, '2020-01-25 06:08:55', '2020-01-25 06:08:55'),
(52, '192.168.20.52', '', '', 1, '2020-01-25 06:08:55', '2020-01-25 06:08:55'),
(53, '192.168.20.53', '', '', 1, '2020-01-25 06:08:55', '2020-01-25 06:08:55'),
(54, '192.168.20.54', '', '', 1, '2020-01-25 06:08:55', '2020-01-25 06:08:55'),
(55, '192.168.20.55', '', '', 1, '2020-01-25 06:08:55', '2020-01-25 06:08:55'),
(56, '192.168.20.56', '', '', 1, '2020-01-25 06:08:55', '2020-01-25 06:08:55'),
(57, '192.168.20.57', '', '', 1, '2020-01-25 06:08:55', '2020-01-25 06:08:55'),
(58, '192.168.20.58', '', '', 1, '2020-01-25 06:08:55', '2020-01-25 06:08:55'),
(59, '192.168.20.59', '', '', 1, '2020-01-25 06:08:55', '2020-01-25 06:08:55'),
(60, '192.168.20.60', '', '', 1, '2020-01-25 06:08:55', '2020-01-25 06:08:55'),
(61, '192.168.20.61', '', '', 1, '2020-01-25 06:08:55', '2020-01-25 06:08:55'),
(62, '192.168.20.62', '', '', 1, '2020-01-25 06:08:55', '2020-01-25 06:08:55'),
(63, '192.168.20.63', '', '', 1, '2020-01-25 06:08:55', '2020-01-25 06:08:55'),
(64, '192.168.20.64', '', '', 1, '2020-01-25 06:08:55', '2020-01-25 06:08:55'),
(65, '192.168.20.65', '', '', 1, '2020-01-25 06:08:55', '2020-01-25 06:08:55'),
(66, '192.168.20.66', '', '', 1, '2020-01-25 06:08:55', '2020-01-25 06:08:55'),
(67, '192.168.20.67', '', '', 1, '2020-01-25 06:08:55', '2020-01-25 06:08:55'),
(68, '192.168.20.68', '', '', 1, '2020-01-25 06:08:55', '2020-01-25 06:08:55'),
(69, '192.168.20.69', '', '', 1, '2020-01-25 06:08:55', '2020-01-25 06:08:55'),
(70, '192.168.20.70', '', '', 1, '2020-01-25 06:08:55', '2020-01-25 06:08:55'),
(71, '192.168.20.71', '', '', 1, '2020-01-25 06:08:55', '2020-01-25 06:08:55'),
(72, '192.168.20.72', '', '', 1, '2020-01-25 06:08:55', '2020-01-25 06:08:55'),
(73, '192.168.20.73', '', '', 1, '2020-01-25 06:08:55', '2020-01-25 06:08:55'),
(74, '192.168.20.74', '', '', 1, '2020-01-25 06:08:55', '2020-01-25 06:08:55'),
(75, '192.168.20.75', '', '', 1, '2020-01-25 06:08:55', '2020-01-25 06:08:55'),
(76, '192.168.20.76', '', '', 1, '2020-01-25 06:08:55', '2020-01-25 06:08:55'),
(77, '192.168.20.77', '', '', 1, '2020-01-25 06:08:55', '2020-01-25 06:08:55'),
(78, '192.168.20.78', '', '', 1, '2020-01-25 06:08:55', '2020-01-25 06:08:55'),
(79, '192.168.20.79', '', '', 1, '2020-01-25 06:08:55', '2020-01-25 06:08:55'),
(80, '192.168.20.80', '', '', 1, '2020-01-25 06:08:55', '2020-01-25 06:08:55'),
(81, '192.168.20.81', '', '', 1, '2020-01-25 06:08:55', '2020-01-25 06:08:55'),
(82, '192.168.20.82', '', '', 1, '2020-01-25 06:08:55', '2020-01-25 06:08:55'),
(83, '192.168.20.83', '', '', 1, '2020-01-25 06:08:55', '2020-01-25 06:08:55'),
(84, '192.168.20.84', '', '', 1, '2020-01-25 06:08:55', '2020-01-25 06:08:55'),
(85, '192.168.20.85', '', '', 1, '2020-01-25 06:08:55', '2020-01-25 06:08:55'),
(86, '192.168.20.86', '', '', 1, '2020-01-25 06:08:55', '2020-01-25 06:08:55'),
(87, '192.168.20.87', '', '', 1, '2020-01-25 06:08:55', '2020-01-25 06:08:55'),
(88, '192.168.20.88', '', '', 1, '2020-01-25 06:08:55', '2020-01-25 06:08:55'),
(89, '192.168.20.89', '', '', 1, '2020-01-25 06:08:55', '2020-01-25 06:08:55'),
(90, '192.168.20.90', '', '', 1, '2020-01-25 06:08:55', '2020-01-25 06:08:55'),
(91, '192.168.20.91', '', '', 1, '2020-01-25 06:08:55', '2020-01-25 06:08:55'),
(92, '192.168.20.92', '', '', 1, '2020-01-25 06:08:55', '2020-01-25 06:08:55'),
(93, '192.168.20.93', '', '', 1, '2020-01-25 06:08:55', '2020-01-25 06:08:55'),
(94, '192.168.20.94', '', '', 1, '2020-01-25 06:08:55', '2020-01-25 06:08:55'),
(95, '192.168.20.95', '', '', 1, '2020-01-25 06:08:55', '2020-01-25 06:08:55'),
(96, '192.168.20.96', '', '', 1, '2020-01-25 06:08:55', '2020-01-25 06:08:55'),
(97, '192.168.20.97', '', '', 1, '2020-01-25 06:08:55', '2020-01-25 06:08:55'),
(98, '192.168.20.98', '', '', 1, '2020-01-25 06:08:55', '2020-01-25 06:08:55'),
(99, '192.168.20.99', '', '', 1, '2020-01-25 06:08:55', '2020-01-25 06:08:55'),
(100, '192.168.20.100', '', '', 1, '2020-01-25 06:08:55', '2020-01-25 06:08:55'),
(101, '192.168.20.101', '', '', 1, '2020-01-25 06:08:55', '2020-01-25 06:08:55'),
(102, '192.168.20.102', '', '', 1, '2020-01-25 06:08:55', '2020-01-25 06:08:55'),
(103, '192.168.20.103', '', '', 1, '2020-01-25 06:08:55', '2020-01-25 06:08:55'),
(104, '192.168.20.104', '', '', 1, '2020-01-25 06:08:55', '2020-01-25 06:08:55'),
(105, '192.168.20.105', '', '', 1, '2020-01-25 06:08:55', '2020-01-25 06:08:55'),
(106, '192.168.20.106', '', '', 1, '2020-01-25 06:08:55', '2020-01-25 06:08:55'),
(107, '192.168.20.107', '', '', 1, '2020-01-25 06:08:55', '2020-01-25 06:08:55'),
(108, '192.168.20.108', '', '', 1, '2020-01-25 06:08:55', '2020-01-25 06:08:55'),
(109, '192.168.20.109', '', '', 1, '2020-01-25 06:08:55', '2020-01-25 06:08:55'),
(110, '192.168.20.110', '', '', 1, '2020-01-25 06:08:55', '2020-01-25 06:08:55'),
(111, '192.168.20.111', '', '', 1, '2020-01-25 06:08:55', '2020-01-25 06:08:55'),
(112, '192.168.20.112', '', '', 1, '2020-01-25 06:08:55', '2020-01-25 06:08:55'),
(113, '192.168.20.113', '', '', 1, '2020-01-25 06:08:55', '2020-01-25 06:08:55'),
(114, '192.168.20.114', '', '', 1, '2020-01-25 06:08:55', '2020-01-25 06:08:55'),
(115, '192.168.20.115', '', '', 1, '2020-01-25 06:08:55', '2020-01-25 06:08:55'),
(116, '192.168.20.116', '', '', 1, '2020-01-25 06:08:55', '2020-01-25 06:08:55'),
(117, '192.168.20.117', '', '', 1, '2020-01-25 06:08:55', '2020-01-25 06:08:55'),
(118, '192.168.20.118', '', '', 1, '2020-01-25 06:08:55', '2020-01-25 06:08:55'),
(119, '192.168.20.119', '', '', 1, '2020-01-25 06:08:55', '2020-01-25 06:08:55'),
(120, '192.168.20.120', '', '', 1, '2020-01-25 06:08:55', '2020-01-25 06:08:55'),
(121, '192.168.20.121', '', '', 1, '2020-01-25 06:08:55', '2020-01-25 06:08:55'),
(122, '192.168.20.122', '', '', 1, '2020-01-25 06:08:55', '2020-01-25 06:08:55'),
(123, '192.168.20.123', '', '', 1, '2020-01-25 06:08:55', '2020-01-25 06:08:55'),
(124, '192.168.20.124', '', '', 1, '2020-01-25 06:08:55', '2020-01-25 06:08:55'),
(125, '192.168.20.125', '', '', 1, '2020-01-25 06:08:55', '2020-01-25 06:08:55'),
(126, '192.168.20.126', '', '', 1, '2020-01-25 06:08:55', '2020-01-25 06:08:55'),
(127, '192.168.20.127', '', '', 1, '2020-01-25 06:08:55', '2020-01-25 06:08:55'),
(128, '192.168.20.128', '', '', 1, '2020-01-25 06:08:55', '2020-01-25 06:08:55'),
(129, '192.168.20.129', '', '', 1, '2020-01-25 06:08:55', '2020-01-25 06:08:55'),
(130, '192.168.20.130', '', '', 1, '2020-01-25 06:08:55', '2020-01-25 06:08:55'),
(131, '192.168.20.131', '', '', 1, '2020-01-25 06:08:55', '2020-01-25 06:08:55'),
(132, '192.168.20.132', '', '', 1, '2020-01-25 06:08:55', '2020-01-25 06:08:55'),
(133, '192.168.20.133', '', '', 1, '2020-01-25 06:08:55', '2020-01-25 06:08:55'),
(134, '192.168.20.134', '', '', 1, '2020-01-25 06:08:55', '2020-01-25 06:08:55'),
(135, '192.168.20.135', '', '', 1, '2020-01-25 06:08:55', '2020-01-25 06:08:55'),
(136, '192.168.20.136', '', '', 1, '2020-01-25 06:08:55', '2020-01-25 06:08:55'),
(137, '192.168.20.137', '', '', 1, '2020-01-25 06:08:55', '2020-01-25 06:08:55'),
(138, '192.168.20.138', '', '', 1, '2020-01-25 06:08:55', '2020-01-25 06:08:55'),
(139, '192.168.20.139', '', '', 1, '2020-01-25 06:08:55', '2020-01-25 06:08:55'),
(140, '192.168.20.140', '', '', 1, '2020-01-25 06:08:55', '2020-01-25 06:08:55'),
(141, '192.168.20.141', '', '', 1, '2020-01-25 06:08:55', '2020-01-25 06:08:55'),
(142, '192.168.20.142', '', '', 1, '2020-01-25 06:08:55', '2020-01-25 06:08:55'),
(143, '192.168.20.143', '', '', 1, '2020-01-25 06:08:55', '2020-01-25 06:08:55'),
(144, '192.168.20.144', '', '', 1, '2020-01-25 06:08:55', '2020-01-25 06:08:55'),
(145, '192.168.20.145', '', '', 1, '2020-01-25 06:08:55', '2020-01-25 06:08:55'),
(146, '192.168.20.146', '', '', 1, '2020-01-25 06:08:55', '2020-01-25 06:08:55'),
(147, '192.168.20.147', '', '', 1, '2020-01-25 06:08:55', '2020-01-25 06:08:55'),
(148, '192.168.20.148', '', '', 1, '2020-01-25 06:08:55', '2020-01-25 06:08:55'),
(149, '192.168.20.149', '', '', 1, '2020-01-25 06:08:55', '2020-01-25 06:08:55'),
(150, '192.168.20.150', '', '', 1, '2020-01-25 06:08:55', '2020-01-25 06:08:55'),
(151, '192.168.20.151', '', '', 1, '2020-01-25 06:08:55', '2020-01-25 06:08:55'),
(152, '192.168.20.152', '', '', 1, '2020-01-25 06:08:55', '2020-01-25 06:08:55'),
(153, '192.168.20.153', '', '', 1, '2020-01-25 06:08:55', '2020-01-25 06:08:55'),
(154, '192.168.20.154', '', '', 1, '2020-01-25 06:08:55', '2020-01-25 06:08:55'),
(155, '192.168.20.155', '', '', 1, '2020-01-25 06:08:55', '2020-01-25 06:08:55'),
(156, '192.168.20.156', '', '', 1, '2020-01-25 06:08:55', '2020-01-25 06:08:55'),
(157, '192.168.20.157', '', '', 1, '2020-01-25 06:08:55', '2020-01-25 06:08:55'),
(158, '192.168.20.158', '', '', 1, '2020-01-25 06:08:55', '2020-01-25 06:08:55'),
(159, '192.168.20.159', '', '', 1, '2020-01-25 06:08:55', '2020-01-25 06:08:55'),
(160, '192.168.20.160', '', '', 1, '2020-01-25 06:08:55', '2020-01-25 06:08:55'),
(161, '192.168.20.161', '', '', 1, '2020-01-25 06:08:55', '2020-01-25 06:08:55'),
(162, '192.168.20.162', '', '', 1, '2020-01-25 06:08:55', '2020-01-25 06:08:55'),
(163, '192.168.20.163', '', '', 1, '2020-01-25 06:08:55', '2020-01-25 06:08:55'),
(164, '192.168.20.164', '', '', 1, '2020-01-25 06:08:55', '2020-01-25 06:08:55'),
(165, '192.168.20.165', '', '', 1, '2020-01-25 06:08:55', '2020-01-25 06:08:55'),
(166, '192.168.20.166', '', '', 1, '2020-01-25 06:08:55', '2020-01-25 06:08:55'),
(167, '192.168.20.167', '', '', 1, '2020-01-25 06:08:55', '2020-01-25 06:08:55'),
(168, '192.168.20.168', '', '', 1, '2020-01-25 06:08:55', '2020-01-25 06:08:55'),
(169, '192.168.20.169', '', '', 1, '2020-01-25 06:08:55', '2020-01-25 06:08:55'),
(170, '192.168.20.170', '', '', 1, '2020-01-25 06:08:55', '2020-01-25 06:08:55'),
(171, '192.168.20.171', '', '', 1, '2020-01-25 06:08:55', '2020-01-25 06:08:55'),
(172, '192.168.20.172', '', '', 1, '2020-01-25 06:08:55', '2020-01-25 06:08:55'),
(173, '192.168.20.173', '', '', 1, '2020-01-25 06:08:55', '2020-01-25 06:08:55'),
(174, '192.168.20.174', '', '', 1, '2020-01-25 06:08:55', '2020-01-25 06:08:55'),
(175, '192.168.20.175', '', '', 1, '2020-01-25 06:08:55', '2020-01-25 06:08:55'),
(176, '192.168.20.176', '', '', 1, '2020-01-25 06:08:55', '2020-01-25 06:08:55'),
(177, '192.168.20.177', '', '', 1, '2020-01-25 06:08:55', '2020-01-25 06:08:55'),
(178, '192.168.20.178', '', '', 1, '2020-01-25 06:08:55', '2020-01-25 06:08:55'),
(179, '192.168.20.179', '', '', 1, '2020-01-25 06:08:55', '2020-01-25 06:08:55'),
(180, '192.168.20.180', '', '', 1, '2020-01-25 06:08:55', '2020-01-25 06:08:55'),
(181, '192.168.20.181', '', '', 1, '2020-01-25 06:08:55', '2020-01-25 06:08:55'),
(182, '192.168.20.182', '', '', 1, '2020-01-25 06:08:55', '2020-01-25 06:08:55'),
(183, '192.168.20.183', '', '', 1, '2020-01-25 06:08:55', '2020-01-25 06:08:55'),
(184, '192.168.20.184', '', '', 1, '2020-01-25 06:08:55', '2020-01-25 06:08:55'),
(185, '192.168.20.185', '', '', 1, '2020-01-25 06:08:55', '2020-01-25 06:08:55'),
(186, '192.168.20.186', '', '', 1, '2020-01-25 06:08:55', '2020-01-25 06:08:55'),
(187, '192.168.20.187', '', '', 1, '2020-01-25 06:08:55', '2020-01-25 06:08:55'),
(188, '192.168.20.188', '', '', 1, '2020-01-25 06:08:56', '2020-01-25 06:08:56'),
(189, '192.168.20.189', '', '', 1, '2020-01-25 06:08:56', '2020-01-25 06:08:56'),
(190, '192.168.20.190', '', '', 1, '2020-01-25 06:08:56', '2020-01-25 06:08:56'),
(191, '192.168.20.191', '', '', 1, '2020-01-25 06:08:56', '2020-01-25 06:08:56'),
(192, '192.168.20.192', '', '', 1, '2020-01-25 06:08:56', '2020-01-25 06:08:56'),
(193, '192.168.20.193', '', '', 1, '2020-01-25 06:08:56', '2020-01-25 06:08:56'),
(194, '192.168.20.194', '', '', 1, '2020-01-25 06:08:56', '2020-01-25 06:08:56'),
(195, '192.168.20.195', '', '', 1, '2020-01-25 06:08:56', '2020-01-25 06:08:56'),
(196, '192.168.20.196', '', '', 1, '2020-01-25 06:08:56', '2020-01-25 06:08:56'),
(197, '192.168.20.197', '', '', 1, '2020-01-25 06:08:56', '2020-01-25 06:08:56'),
(198, '192.168.20.198', '', '', 1, '2020-01-25 06:08:56', '2020-01-25 06:08:56'),
(199, '192.168.20.199', '', '', 1, '2020-01-25 06:08:56', '2020-01-25 06:08:56'),
(200, '192.168.20.200', '', '', 1, '2020-01-25 06:08:56', '2020-01-25 06:08:56'),
(201, '192.168.20.201', '', '', 1, '2020-01-25 06:08:56', '2020-01-25 06:08:56'),
(202, '192.168.20.202', '', '', 1, '2020-01-25 06:08:56', '2020-01-25 06:08:56'),
(203, '192.168.20.203', '', '', 1, '2020-01-25 06:08:56', '2020-01-25 06:08:56'),
(204, '192.168.20.204', '', '', 1, '2020-01-25 06:08:56', '2020-01-25 06:08:56'),
(205, '192.168.20.205', '', '', 1, '2020-01-25 06:08:56', '2020-01-25 06:08:56'),
(206, '192.168.20.206', '', '', 1, '2020-01-25 06:08:56', '2020-01-25 06:08:56'),
(207, '192.168.20.207', '', '', 1, '2020-01-25 06:08:56', '2020-01-25 06:08:56'),
(208, '192.168.20.208', '', '', 1, '2020-01-25 06:08:56', '2020-01-25 06:08:56'),
(209, '192.168.20.209', '', '', 1, '2020-01-25 06:08:56', '2020-01-25 06:08:56'),
(210, '192.168.20.210', '', '', 1, '2020-01-25 06:08:56', '2020-01-25 06:08:56'),
(211, '192.168.20.211', '', '', 1, '2020-01-25 06:08:56', '2020-01-25 06:08:56'),
(212, '192.168.20.212', '', '', 1, '2020-01-25 06:08:56', '2020-01-25 06:08:56'),
(213, '192.168.20.213', '', '', 1, '2020-01-25 06:08:56', '2020-01-25 06:08:56'),
(214, '192.168.20.214', '', '', 1, '2020-01-25 06:08:56', '2020-01-25 06:08:56'),
(215, '192.168.20.215', '', '', 1, '2020-01-25 06:08:56', '2020-01-25 06:08:56'),
(216, '192.168.20.216', '', '', 1, '2020-01-25 06:08:56', '2020-01-25 06:08:56'),
(217, '192.168.20.217', '', '', 1, '2020-01-25 06:08:56', '2020-01-25 06:08:56'),
(218, '192.168.20.218', '', '', 1, '2020-01-25 06:08:56', '2020-01-25 06:08:56'),
(219, '192.168.20.219', '', '', 1, '2020-01-25 06:08:56', '2020-01-25 06:08:56'),
(220, '192.168.20.220', '', '', 1, '2020-01-25 06:08:56', '2020-01-25 06:08:56'),
(221, '192.168.20.221', '', '', 1, '2020-01-25 06:08:56', '2020-01-25 06:08:56'),
(222, '192.168.20.222', '', '', 1, '2020-01-25 06:08:56', '2020-01-25 06:08:56'),
(223, '192.168.20.223', '', '', 1, '2020-01-25 06:08:56', '2020-01-25 06:08:56'),
(224, '192.168.20.224', '', '', 1, '2020-01-25 06:08:56', '2020-01-25 06:08:56'),
(225, '192.168.20.225', '', '', 1, '2020-01-25 06:08:56', '2020-01-25 06:08:56'),
(226, '192.168.20.226', '', '', 1, '2020-01-25 06:08:56', '2020-01-25 06:08:56'),
(227, '192.168.20.227', '', '', 1, '2020-01-25 06:08:56', '2020-01-25 06:08:56'),
(228, '192.168.20.228', '', '', 1, '2020-01-25 06:08:56', '2020-01-25 06:08:56'),
(229, '192.168.20.229', '', '', 1, '2020-01-25 06:08:56', '2020-01-25 06:08:56'),
(230, '192.168.20.230', '', '', 1, '2020-01-25 06:08:56', '2020-01-25 06:08:56'),
(231, '192.168.20.231', '', '', 1, '2020-01-25 06:08:56', '2020-01-25 06:08:56'),
(232, '192.168.20.232', '', '', 1, '2020-01-25 06:08:56', '2020-01-25 06:08:56'),
(233, '192.168.20.233', '', '', 1, '2020-01-25 06:08:56', '2020-01-25 06:08:56'),
(234, '192.168.20.234', '', '', 1, '2020-01-25 06:08:56', '2020-01-25 06:08:56'),
(235, '192.168.20.235', '', '', 1, '2020-01-25 06:08:56', '2020-01-25 06:08:56'),
(236, '192.168.20.236', '', '', 1, '2020-01-25 06:08:56', '2020-01-25 06:08:56'),
(237, '192.168.20.237', '', '', 1, '2020-01-25 06:08:56', '2020-01-25 06:08:56'),
(238, '192.168.20.238', '', '', 1, '2020-01-25 06:08:56', '2020-01-25 06:08:56'),
(239, '192.168.20.239', '', '', 1, '2020-01-25 06:08:56', '2020-01-25 06:08:56'),
(240, '192.168.20.240', '', '', 1, '2020-01-25 06:08:56', '2020-01-25 06:08:56'),
(241, '192.168.20.241', '', '', 1, '2020-01-25 06:08:56', '2020-01-25 06:08:56'),
(242, '192.168.20.242', '', '', 1, '2020-01-25 06:08:56', '2020-01-25 06:08:56'),
(243, '192.168.20.243', '', '', 1, '2020-01-25 06:08:56', '2020-01-25 06:08:56'),
(244, '192.168.20.244', '', '', 1, '2020-01-25 06:08:56', '2020-01-25 06:08:56'),
(245, '192.168.20.245', '', '', 1, '2020-01-25 06:08:56', '2020-01-25 06:08:56'),
(246, '192.168.20.246', '', '', 1, '2020-01-25 06:08:56', '2020-01-25 06:08:56'),
(247, '192.168.20.247', '', '', 1, '2020-01-25 06:08:56', '2020-01-25 06:08:56'),
(248, '192.168.20.248', '', '', 1, '2020-01-25 06:08:56', '2020-01-25 06:08:56'),
(249, '192.168.20.249', '', '', 1, '2020-01-25 06:08:56', '2020-01-25 06:08:56'),
(250, '192.168.20.250', '', '', 1, '2020-01-25 06:08:56', '2020-01-25 06:08:56'),
(251, '192.168.20.251', '', '', 1, '2020-01-25 06:08:56', '2020-01-25 06:08:56'),
(252, '192.168.20.252', '', '', 1, '2020-01-25 06:08:56', '2020-01-25 06:08:56'),
(253, '192.168.20.253', '', '', 1, '2020-01-25 06:08:56', '2020-01-25 06:08:56'),
(254, '192.168.20.254', '', '', 1, '2020-01-25 06:08:56', '2020-01-25 06:08:56'),
(255, '192.168.20.255', '', '', 1, '2020-01-25 06:08:56', '2020-01-25 06:08:56'),
(256, '192.168.10.1', '', '', 1, '2020-01-25 06:09:46', '2020-01-25 06:09:46'),
(257, '192.168.10.2', '', '', 1, '2020-01-25 06:09:46', '2020-01-25 06:09:46'),
(258, '192.168.10.3', '', '', 1, '2020-01-25 06:09:46', '2020-01-25 06:09:46'),
(259, '192.168.10.4', '', '', 1, '2020-01-25 06:09:46', '2020-01-25 06:09:46'),
(260, '192.168.10.5', '', '', 1, '2020-01-25 06:09:46', '2020-01-25 06:09:46'),
(261, '192.168.10.6', '', '', 1, '2020-01-25 06:09:46', '2020-01-25 06:09:46'),
(262, '192.168.10.7', '', '', 1, '2020-01-25 06:09:46', '2020-01-25 06:09:46'),
(263, '192.168.10.8', '', '', 1, '2020-01-25 06:09:46', '2020-01-25 06:09:46'),
(264, '192.168.10.9', '', '', 1, '2020-01-25 06:09:46', '2020-01-25 06:09:46'),
(265, '192.168.10.10', '', '', 1, '2020-01-25 06:09:46', '2020-01-25 06:09:46'),
(266, '192.168.10.11', '', '', 1, '2020-01-25 06:09:46', '2020-01-25 06:09:46'),
(267, '192.168.10.12', '', '', 1, '2020-01-25 06:09:46', '2020-01-25 06:09:46'),
(268, '192.168.10.13', '', '', 1, '2020-01-25 06:09:46', '2020-01-25 06:09:46'),
(269, '192.168.10.14', '', '', 1, '2020-01-25 06:09:46', '2020-01-25 06:09:46'),
(270, '192.168.10.15', '', '', 1, '2020-01-25 06:09:46', '2020-01-25 06:09:46'),
(271, '192.168.10.16', '', '', 1, '2020-01-25 06:09:46', '2020-01-25 06:09:46'),
(272, '192.168.10.17', '', '', 1, '2020-01-25 06:09:46', '2020-01-25 06:09:46'),
(273, '192.168.10.18', '', '', 1, '2020-01-25 06:09:46', '2020-01-25 06:09:46'),
(274, '192.168.10.19', '', '', 1, '2020-01-25 06:09:46', '2020-01-25 06:09:46'),
(275, '192.168.10.20', '', '', 1, '2020-01-25 06:09:46', '2020-01-25 06:09:46'),
(276, '192.168.10.21', '', '', 1, '2020-01-25 06:09:46', '2020-01-25 06:09:46'),
(277, '192.168.10.22', '', '', 1, '2020-01-25 06:09:46', '2020-01-25 06:09:46'),
(278, '192.168.10.23', '', '', 1, '2020-01-25 06:09:46', '2020-01-25 06:09:46'),
(279, '192.168.10.24', '', '', 1, '2020-01-25 06:09:46', '2020-01-25 06:09:46'),
(280, '192.168.10.25', '', '', 1, '2020-01-25 06:09:46', '2020-01-25 06:09:46'),
(281, '192.168.10.26', '', '', 1, '2020-01-25 06:09:46', '2020-01-25 06:09:46'),
(282, '192.168.10.27', '', '', 1, '2020-01-25 06:09:46', '2020-01-25 06:09:46'),
(283, '192.168.10.28', '', '', 1, '2020-01-25 06:09:46', '2020-01-25 06:09:46'),
(284, '192.168.10.29', '', '', 1, '2020-01-25 06:09:46', '2020-01-25 06:09:46'),
(285, '192.168.10.30', '', '', 1, '2020-01-25 06:09:46', '2020-01-25 06:09:46'),
(286, '192.168.10.31', '', '', 1, '2020-01-25 06:09:46', '2020-01-25 06:09:46'),
(287, '192.168.10.32', '', '', 1, '2020-01-25 06:09:46', '2020-01-25 06:09:46'),
(288, '192.168.10.33', '', '', 1, '2020-01-25 06:09:46', '2020-01-25 06:09:46'),
(289, '192.168.10.34', '', '', 1, '2020-01-25 06:09:46', '2020-01-25 06:09:46'),
(290, '192.168.10.35', '', '', 1, '2020-01-25 06:09:46', '2020-01-25 06:09:46'),
(291, '192.168.10.36', '', '', 1, '2020-01-25 06:09:46', '2020-01-25 06:09:46'),
(292, '192.168.10.37', '', '', 1, '2020-01-25 06:09:46', '2020-01-25 06:09:46'),
(293, '192.168.10.38', '', '', 1, '2020-01-25 06:09:46', '2020-01-25 06:09:46'),
(294, '192.168.10.39', '', '', 1, '2020-01-25 06:09:46', '2020-01-25 06:09:46'),
(295, '192.168.10.40', '', '', 1, '2020-01-25 06:09:46', '2020-01-25 06:09:46'),
(296, '192.168.10.41', '', '', 1, '2020-01-25 06:09:46', '2020-01-25 06:09:46'),
(297, '192.168.10.42', '', '', 1, '2020-01-25 06:09:46', '2020-01-25 06:09:46'),
(298, '192.168.10.43', '', '', 1, '2020-01-25 06:09:46', '2020-01-25 06:09:46'),
(299, '192.168.10.44', '', '', 1, '2020-01-25 06:09:46', '2020-01-25 06:09:46'),
(300, '192.168.10.45', '', '', 1, '2020-01-25 06:09:46', '2020-01-25 06:09:46'),
(301, '192.168.10.46', '', '', 1, '2020-01-25 06:09:46', '2020-01-25 06:09:46'),
(302, '192.168.10.47', '', '', 1, '2020-01-25 06:09:46', '2020-01-25 06:09:46'),
(303, '192.168.10.48', '', '', 1, '2020-01-25 06:09:46', '2020-01-25 06:09:46'),
(304, '192.168.10.49', '', '', 1, '2020-01-25 06:09:46', '2020-01-25 06:09:46'),
(305, '192.168.10.50', '', '', 1, '2020-01-25 06:09:46', '2020-01-25 06:09:46'),
(306, '192.168.10.51', '', '', 1, '2020-01-25 06:09:46', '2020-01-25 06:09:46'),
(307, '192.168.10.52', '', '', 1, '2020-01-25 06:09:46', '2020-01-25 06:09:46'),
(308, '192.168.10.53', '', '', 1, '2020-01-25 06:09:46', '2020-01-25 06:09:46'),
(309, '192.168.10.54', '', '', 1, '2020-01-25 06:09:46', '2020-01-25 06:09:46'),
(310, '192.168.10.55', '', '', 1, '2020-01-25 06:09:46', '2020-01-25 06:09:46'),
(311, '192.168.10.56', '', '', 1, '2020-01-25 06:09:46', '2020-01-25 06:09:46'),
(312, '192.168.10.57', '', '', 1, '2020-01-25 06:09:46', '2020-01-25 06:09:46'),
(313, '192.168.10.58', '', '', 1, '2020-01-25 06:09:46', '2020-01-25 06:09:46'),
(314, '192.168.10.59', '', '', 1, '2020-01-25 06:09:46', '2020-01-25 06:09:46'),
(315, '192.168.10.60', '', '', 1, '2020-01-25 06:09:46', '2020-01-25 06:09:46'),
(316, '192.168.10.61', '', '', 1, '2020-01-25 06:09:46', '2020-01-25 06:09:46'),
(317, '192.168.10.62', '', '', 1, '2020-01-25 06:09:46', '2020-01-25 06:09:46'),
(318, '192.168.10.63', '', '', 1, '2020-01-25 06:09:46', '2020-01-25 06:09:46'),
(319, '192.168.10.64', '', '', 1, '2020-01-25 06:09:46', '2020-01-25 06:09:46'),
(320, '192.168.10.65', '', '', 1, '2020-01-25 06:09:46', '2020-01-25 06:09:46'),
(321, '192.168.10.66', '', '', 1, '2020-01-25 06:09:46', '2020-01-25 06:09:46'),
(322, '192.168.10.67', '', '', 1, '2020-01-25 06:09:46', '2020-01-25 06:09:46'),
(323, '192.168.10.68', '', '', 1, '2020-01-25 06:09:46', '2020-01-25 06:09:46'),
(324, '192.168.10.69', '', '', 1, '2020-01-25 06:09:46', '2020-01-25 06:09:46'),
(325, '192.168.10.70', '', '', 1, '2020-01-25 06:09:46', '2020-01-25 06:09:46'),
(326, '192.168.10.71', '', '', 1, '2020-01-25 06:09:46', '2020-01-25 06:09:46'),
(327, '192.168.10.72', '', '', 1, '2020-01-25 06:09:46', '2020-01-25 06:09:46'),
(328, '192.168.10.73', '', '', 1, '2020-01-25 06:09:46', '2020-01-25 06:09:46'),
(329, '192.168.10.74', '', '', 1, '2020-01-25 06:09:46', '2020-01-25 06:09:46'),
(330, '192.168.10.75', '', '', 1, '2020-01-25 06:09:46', '2020-01-25 06:09:46'),
(331, '192.168.10.76', '', '', 1, '2020-01-25 06:09:46', '2020-01-25 06:09:46'),
(332, '192.168.10.77', '', '', 1, '2020-01-25 06:09:46', '2020-01-25 06:09:46'),
(333, '192.168.10.78', '', '', 1, '2020-01-25 06:09:46', '2020-01-25 06:09:46'),
(334, '192.168.10.79', '', '', 1, '2020-01-25 06:09:46', '2020-01-25 06:09:46'),
(335, '192.168.10.80', '', '', 1, '2020-01-25 06:09:46', '2020-01-25 06:09:46'),
(336, '192.168.10.81', '', '', 1, '2020-01-25 06:09:46', '2020-01-25 06:09:46'),
(337, '192.168.10.82', '', '', 1, '2020-01-25 06:09:46', '2020-01-25 06:09:46'),
(338, '192.168.10.83', '', '', 1, '2020-01-25 06:09:46', '2020-01-25 06:09:46'),
(339, '192.168.10.84', '', '', 1, '2020-01-25 06:09:46', '2020-01-25 06:09:46'),
(340, '192.168.10.85', '', '', 1, '2020-01-25 06:09:46', '2020-01-25 06:09:46'),
(341, '192.168.10.86', '', '', 1, '2020-01-25 06:09:46', '2020-01-25 06:09:46'),
(342, '192.168.10.87', '', '', 1, '2020-01-25 06:09:46', '2020-01-25 06:09:46'),
(343, '192.168.10.88', '', '', 1, '2020-01-25 06:09:46', '2020-01-25 06:09:46'),
(344, '192.168.10.89', '', '', 1, '2020-01-25 06:09:46', '2020-01-25 06:09:46'),
(345, '192.168.10.90', '', '', 1, '2020-01-25 06:09:46', '2020-01-25 06:09:46'),
(346, '192.168.10.91', '', '', 1, '2020-01-25 06:09:46', '2020-01-25 06:09:46'),
(347, '192.168.10.92', '', '', 1, '2020-01-25 06:09:46', '2020-01-25 06:09:46'),
(348, '192.168.10.93', '', '', 1, '2020-01-25 06:09:46', '2020-01-25 06:09:46'),
(349, '192.168.10.94', '', '', 1, '2020-01-25 06:09:46', '2020-01-25 06:09:46'),
(350, '192.168.10.95', '', '', 1, '2020-01-25 06:09:46', '2020-01-25 06:09:46'),
(351, '192.168.10.96', '', '', 1, '2020-01-25 06:09:46', '2020-01-25 06:09:46'),
(352, '192.168.10.97', '', '', 1, '2020-01-25 06:09:46', '2020-01-25 06:09:46'),
(353, '192.168.10.98', '', '', 1, '2020-01-25 06:09:46', '2020-01-25 06:09:46'),
(354, '192.168.10.99', '', '', 1, '2020-01-25 06:09:46', '2020-01-25 06:09:46'),
(355, '192.168.10.100', '', '', 1, '2020-01-25 06:09:46', '2020-01-25 06:09:46'),
(356, '192.168.10.101', '', '', 1, '2020-01-25 06:09:46', '2020-01-25 06:09:46'),
(357, '192.168.10.102', '', '', 1, '2020-01-25 06:09:46', '2020-01-25 06:09:46'),
(358, '192.168.10.103', '', '', 1, '2020-01-25 06:09:46', '2020-01-25 06:09:46'),
(359, '192.168.10.104', '', '', 1, '2020-01-25 06:09:46', '2020-01-25 06:09:46'),
(360, '192.168.10.105', '', '', 1, '2020-01-25 06:09:46', '2020-01-25 06:09:46'),
(361, '192.168.10.106', '', '', 1, '2020-01-25 06:09:46', '2020-01-25 06:09:46'),
(362, '192.168.10.107', '', '', 1, '2020-01-25 06:09:46', '2020-01-25 06:09:46'),
(363, '192.168.10.108', '', '', 1, '2020-01-25 06:09:46', '2020-01-25 06:09:46'),
(364, '192.168.10.109', '', '', 1, '2020-01-25 06:09:46', '2020-01-25 06:09:46'),
(365, '192.168.10.110', '', '', 1, '2020-01-25 06:09:46', '2020-01-25 06:09:46'),
(366, '192.168.10.111', '', '', 1, '2020-01-25 06:09:46', '2020-01-25 06:09:46'),
(367, '192.168.10.112', '', '', 1, '2020-01-25 06:09:46', '2020-01-25 06:09:46'),
(368, '192.168.10.113', '', '', 1, '2020-01-25 06:09:46', '2020-01-25 06:09:46'),
(369, '192.168.10.114', '', '', 1, '2020-01-25 06:09:46', '2020-01-25 06:09:46'),
(370, '192.168.10.115', '', '', 1, '2020-01-25 06:09:46', '2020-01-25 06:09:46'),
(371, '192.168.10.116', '', '', 1, '2020-01-25 06:09:46', '2020-01-25 06:09:46'),
(372, '192.168.10.117', '', '', 1, '2020-01-25 06:09:46', '2020-01-25 06:09:46'),
(373, '192.168.10.118', '', '', 1, '2020-01-25 06:09:46', '2020-01-25 06:09:46'),
(374, '192.168.10.119', '', '', 1, '2020-01-25 06:09:46', '2020-01-25 06:09:46'),
(375, '192.168.10.120', '', '', 1, '2020-01-25 06:09:46', '2020-01-25 06:09:46'),
(376, '192.168.10.121', '', '', 1, '2020-01-25 06:09:46', '2020-01-25 06:09:46'),
(377, '192.168.10.122', '', '', 1, '2020-01-25 06:09:46', '2020-01-25 06:09:46'),
(378, '192.168.10.123', '', '', 1, '2020-01-25 06:09:46', '2020-01-25 06:09:46'),
(379, '192.168.10.124', '', '', 1, '2020-01-25 06:09:46', '2020-01-25 06:09:46'),
(380, '192.168.10.125', '', '', 1, '2020-01-25 06:09:46', '2020-01-25 06:09:46'),
(381, '192.168.10.126', '', '', 1, '2020-01-25 06:09:46', '2020-01-25 06:09:46'),
(382, '192.168.10.127', '', '', 1, '2020-01-25 06:09:46', '2020-01-25 06:09:46'),
(383, '192.168.10.128', '', '', 1, '2020-01-25 06:09:46', '2020-01-25 06:09:46'),
(384, '192.168.10.129', '', '', 1, '2020-01-25 06:09:46', '2020-01-25 06:09:46'),
(385, '192.168.10.130', '', '', 1, '2020-01-25 06:09:46', '2020-01-25 06:09:46'),
(386, '192.168.10.131', '', '', 1, '2020-01-25 06:09:46', '2020-01-25 06:09:46'),
(387, '192.168.10.132', '', '', 1, '2020-01-25 06:09:46', '2020-01-25 06:09:46'),
(388, '192.168.10.133', '', '', 1, '2020-01-25 06:09:46', '2020-01-25 06:09:46'),
(389, '192.168.10.134', '', '', 1, '2020-01-25 06:09:46', '2020-01-25 06:09:46'),
(390, '192.168.10.135', '', '', 1, '2020-01-25 06:09:46', '2020-01-25 06:09:46'),
(391, '192.168.10.136', '', '', 1, '2020-01-25 06:09:46', '2020-01-25 06:09:46'),
(392, '192.168.10.137', '', '', 1, '2020-01-25 06:09:46', '2020-01-25 06:09:46'),
(393, '192.168.10.138', '', '', 1, '2020-01-25 06:09:46', '2020-01-25 06:09:46'),
(394, '192.168.10.139', '', '', 1, '2020-01-25 06:09:46', '2020-01-25 06:09:46'),
(395, '192.168.10.140', '', '', 0, '2020-01-25 06:09:46', '2020-01-25 02:38:34'),
(396, '192.168.10.141', '', '', 1, '2020-01-25 06:09:46', '2020-01-25 06:09:46'),
(397, '192.168.10.142', '', '', 1, '2020-01-25 06:09:46', '2020-01-25 06:09:46'),
(398, '192.168.10.143', '', '', 1, '2020-01-25 06:09:46', '2020-01-25 06:09:46'),
(399, '192.168.10.144', '', '', 1, '2020-01-25 06:09:46', '2020-01-25 06:09:46'),
(400, '192.168.10.145', '', '', 1, '2020-01-25 06:09:46', '2020-01-25 06:09:46'),
(401, '192.168.10.146', '', '', 1, '2020-01-25 06:09:46', '2020-01-25 06:09:46'),
(402, '192.168.10.147', '', '', 1, '2020-01-25 06:09:46', '2020-01-25 06:09:46'),
(403, '192.168.10.148', '', '', 1, '2020-01-25 06:09:46', '2020-01-25 06:09:46'),
(404, '192.168.10.149', '', '', 1, '2020-01-25 06:09:46', '2020-01-25 02:38:34'),
(405, '192.168.10.150', '', '', 1, '2020-01-25 06:09:46', '2020-01-25 06:09:46'),
(406, '192.168.10.151', '', '', 1, '2020-01-25 06:09:46', '2020-01-25 06:09:46'),
(407, '192.168.10.152', '', '', 1, '2020-01-25 06:09:46', '2020-01-25 06:09:46'),
(408, '192.168.10.153', '', '', 1, '2020-01-25 06:09:46', '2020-01-25 06:09:46'),
(409, '192.168.10.154', '', '', 1, '2020-01-25 06:09:46', '2020-01-25 06:09:46'),
(410, '192.168.10.155', '', '', 1, '2020-01-25 06:09:46', '2020-01-25 06:09:46'),
(411, '192.168.10.156', '', '', 1, '2020-01-25 06:09:46', '2020-01-25 06:09:46'),
(412, '192.168.10.157', '', '', 1, '2020-01-25 06:09:46', '2020-01-25 06:09:46'),
(413, '192.168.10.158', '', '', 1, '2020-01-25 06:09:46', '2020-01-25 06:09:46'),
(414, '192.168.10.159', '', '', 1, '2020-01-25 06:09:46', '2020-01-25 06:09:46'),
(415, '192.168.10.160', '', '', 1, '2020-01-25 06:09:46', '2020-01-25 06:09:46'),
(416, '192.168.10.161', '', '', 1, '2020-01-25 06:09:46', '2020-01-25 06:09:46'),
(417, '192.168.10.162', '', '', 1, '2020-01-25 06:09:46', '2020-01-25 06:09:46'),
(418, '192.168.10.163', '', '', 1, '2020-01-25 06:09:46', '2020-01-25 06:09:46'),
(419, '192.168.10.164', '', '', 1, '2020-01-25 06:09:46', '2020-01-25 06:09:46'),
(420, '192.168.10.165', '', '', 1, '2020-01-25 06:09:46', '2020-01-25 06:09:46'),
(421, '192.168.10.166', '', '', 1, '2020-01-25 06:09:46', '2020-01-25 06:09:46'),
(422, '192.168.10.167', '', '', 1, '2020-01-25 06:09:46', '2020-01-25 06:09:46'),
(423, '192.168.10.168', '', '', 1, '2020-01-25 06:09:46', '2020-01-25 06:09:46'),
(424, '192.168.10.169', '', '', 1, '2020-01-25 06:09:46', '2020-01-25 06:09:46'),
(425, '192.168.10.170', '', '', 1, '2020-01-25 06:09:46', '2020-01-25 06:09:46'),
(426, '192.168.10.171', '', '', 1, '2020-01-25 06:09:46', '2020-01-25 06:09:46'),
(427, '192.168.10.172', '', '', 1, '2020-01-25 06:09:46', '2020-01-25 06:09:46'),
(428, '192.168.10.173', '', '', 1, '2020-01-25 06:09:46', '2020-01-25 06:09:46'),
(429, '192.168.10.174', '', '', 1, '2020-01-25 06:09:46', '2020-01-25 06:09:46'),
(430, '192.168.10.175', '', '', 1, '2020-01-25 06:09:46', '2020-01-25 06:09:46'),
(431, '192.168.10.176', '', '', 1, '2020-01-25 06:09:46', '2020-01-25 06:09:46'),
(432, '192.168.10.177', '', '', 1, '2020-01-25 06:09:46', '2020-01-25 06:09:46'),
(433, '192.168.10.178', '', '', 1, '2020-01-25 06:09:46', '2020-01-25 06:09:46'),
(434, '192.168.10.179', '', '', 1, '2020-01-25 06:09:46', '2020-01-25 06:09:46'),
(435, '192.168.10.180', '', '', 1, '2020-01-25 06:09:46', '2020-01-25 06:09:46'),
(436, '192.168.10.181', '', '', 1, '2020-01-25 06:09:46', '2020-01-25 06:09:46'),
(437, '192.168.10.182', '', '', 1, '2020-01-25 06:09:46', '2020-01-25 06:09:46'),
(438, '192.168.10.183', '', '', 1, '2020-01-25 06:09:46', '2020-01-25 06:09:46'),
(439, '192.168.10.184', '', '', 1, '2020-01-25 06:09:46', '2020-01-25 06:09:46'),
(440, '192.168.10.185', '', '', 1, '2020-01-25 06:09:46', '2020-01-25 06:09:46'),
(441, '192.168.10.186', '', '', 1, '2020-01-25 06:09:46', '2020-01-25 06:09:46'),
(442, '192.168.10.187', '', '', 1, '2020-01-25 06:09:46', '2020-01-25 06:09:46'),
(443, '192.168.10.188', '', '', 1, '2020-01-25 06:09:46', '2020-01-25 06:09:46'),
(444, '192.168.10.189', '', '', 1, '2020-01-25 06:09:46', '2020-01-25 06:09:46'),
(445, '192.168.10.190', '', '', 1, '2020-01-25 06:09:46', '2020-01-25 06:09:46'),
(446, '192.168.10.191', '', '', 1, '2020-01-25 06:09:46', '2020-01-25 06:09:46'),
(447, '192.168.10.192', '', '', 1, '2020-01-25 06:09:46', '2020-01-25 06:09:46'),
(448, '192.168.10.193', '', '', 1, '2020-01-25 06:09:46', '2020-01-25 06:09:46'),
(449, '192.168.10.194', '', '', 1, '2020-01-25 06:09:46', '2020-01-25 06:09:46'),
(450, '192.168.10.195', '', '', 1, '2020-01-25 06:09:46', '2020-01-25 06:09:46'),
(451, '192.168.10.196', '', '', 1, '2020-01-25 06:09:46', '2020-01-25 06:09:46'),
(452, '192.168.10.197', '', '', 1, '2020-01-25 06:09:46', '2020-01-25 06:09:46'),
(453, '192.168.10.198', '', '', 1, '2020-01-25 06:09:46', '2020-01-25 06:09:46'),
(454, '192.168.10.199', '', '', 1, '2020-01-25 06:09:46', '2020-01-25 06:09:46'),
(455, '192.168.10.200', '', '', 1, '2020-01-25 06:09:46', '2020-01-25 06:09:46'),
(456, '192.168.10.201', '', '', 1, '2020-01-25 06:09:46', '2020-01-25 06:09:46'),
(457, '192.168.10.202', '', '', 1, '2020-01-25 06:09:46', '2020-01-25 06:09:46'),
(458, '192.168.10.203', '', '', 1, '2020-01-25 06:09:46', '2020-01-25 06:09:46'),
(459, '192.168.10.204', '', '', 1, '2020-01-25 06:09:46', '2020-01-25 06:09:46'),
(460, '192.168.10.205', '', '', 1, '2020-01-25 06:09:46', '2020-01-25 06:09:46'),
(461, '192.168.10.206', '', '', 1, '2020-01-25 06:09:46', '2020-01-25 06:09:46'),
(462, '192.168.10.207', '', '', 1, '2020-01-25 06:09:46', '2020-01-25 06:09:46'),
(463, '192.168.10.208', '', '', 1, '2020-01-25 06:09:46', '2020-01-25 06:09:46'),
(464, '192.168.10.209', '', '', 1, '2020-01-25 06:09:46', '2020-01-25 06:09:46'),
(465, '192.168.10.210', '', '', 1, '2020-01-25 06:09:46', '2020-01-25 06:09:46'),
(466, '192.168.10.211', '', '', 1, '2020-01-25 06:09:46', '2020-01-25 06:09:46'),
(467, '192.168.10.212', '', '', 1, '2020-01-25 06:09:46', '2020-01-25 06:09:46'),
(468, '192.168.10.213', '', '', 1, '2020-01-25 06:09:46', '2020-01-25 06:09:46'),
(469, '192.168.10.214', '', '', 1, '2020-01-25 06:09:46', '2020-01-25 06:09:46'),
(470, '192.168.10.215', '', '', 1, '2020-01-25 06:09:46', '2020-01-25 06:09:46'),
(471, '192.168.10.216', '', '', 1, '2020-01-25 06:09:46', '2020-01-25 06:09:46'),
(472, '192.168.10.217', '', '', 1, '2020-01-25 06:09:46', '2020-01-25 06:09:46'),
(473, '192.168.10.218', '', '', 1, '2020-01-25 06:09:46', '2020-01-25 06:09:46'),
(474, '192.168.10.219', '', '', 1, '2020-01-25 06:09:46', '2020-01-25 06:09:46'),
(475, '192.168.10.220', '', '', 1, '2020-01-25 06:09:46', '2020-01-25 06:09:46'),
(476, '192.168.10.221', '', '', 0, '2020-01-25 06:09:46', '2020-01-25 02:40:54'),
(477, '192.168.10.222', '', '', 1, '2020-01-25 06:09:46', '2020-01-25 06:09:46'),
(478, '192.168.10.223', '', '', 1, '2020-01-25 06:09:46', '2020-01-25 06:09:46'),
(479, '192.168.10.224', '', '', 1, '2020-01-25 06:09:46', '2020-01-25 06:09:46'),
(480, '192.168.10.225', '', '', 1, '2020-01-25 06:09:46', '2020-01-25 06:09:46'),
(481, '192.168.10.226', '', '', 1, '2020-01-25 06:09:46', '2020-01-25 06:09:46'),
(482, '192.168.10.227', '', '', 1, '2020-01-25 06:09:46', '2020-01-25 06:09:46'),
(483, '192.168.10.228', '', '', 1, '2020-01-25 06:09:46', '2020-01-25 06:09:46'),
(484, '192.168.10.229', '', '', 1, '2020-01-25 06:09:46', '2020-01-25 06:09:46'),
(485, '192.168.10.230', '', '', 1, '2020-01-25 06:09:46', '2020-01-25 06:09:46'),
(486, '192.168.10.231', '', '', 1, '2020-01-25 06:09:46', '2020-01-25 06:09:46'),
(487, '192.168.10.232', '', '', 1, '2020-01-25 06:09:46', '2020-01-25 06:09:46'),
(488, '192.168.10.233', '', '', 1, '2020-01-25 06:09:46', '2020-01-25 06:09:46'),
(489, '192.168.10.234', '', '', 1, '2020-01-25 06:09:46', '2020-01-25 06:09:46'),
(490, '192.168.10.235', '', '', 1, '2020-01-25 06:09:46', '2020-01-25 06:09:46'),
(491, '192.168.10.236', '', '', 1, '2020-01-25 06:09:46', '2020-01-25 06:09:46'),
(492, '192.168.10.237', '', '', 1, '2020-01-25 06:09:46', '2020-01-25 06:09:46'),
(493, '192.168.10.238', '', '', 1, '2020-01-25 06:09:46', '2020-01-25 06:09:46'),
(494, '192.168.10.239', '', '', 1, '2020-01-25 06:09:46', '2020-01-25 06:09:46'),
(495, '192.168.10.240', '', '', 1, '2020-01-25 06:09:46', '2020-01-25 06:09:46'),
(496, '192.168.10.241', '', '', 1, '2020-01-25 06:09:46', '2020-01-25 06:09:46'),
(497, '192.168.10.242', '', '', 1, '2020-01-25 06:09:46', '2020-01-25 06:09:46'),
(498, '192.168.10.243', '', '', 1, '2020-01-25 06:09:46', '2020-01-25 06:09:46'),
(499, '192.168.10.244', '', '', 1, '2020-01-25 06:09:46', '2020-01-25 06:09:46'),
(500, '192.168.10.245', '', '', 1, '2020-01-25 06:09:46', '2020-01-25 06:09:46'),
(501, '192.168.10.246', '', '', 1, '2020-01-25 06:09:46', '2020-01-25 06:09:46'),
(502, '192.168.10.247', '', '', 1, '2020-01-25 06:09:46', '2020-01-25 06:09:46'),
(503, '192.168.10.248', '', '', 1, '2020-01-25 06:09:46', '2020-01-25 06:09:46'),
(504, '192.168.10.249', '', '', 1, '2020-01-25 06:09:46', '2020-01-25 06:09:46'),
(505, '192.168.10.250', '', '', 1, '2020-01-25 06:09:46', '2020-01-25 06:09:46'),
(506, '192.168.10.251', '', '', 1, '2020-01-25 06:09:46', '2020-01-25 06:09:46'),
(507, '192.168.10.252', '', '', 1, '2020-01-25 06:09:46', '2020-01-25 06:09:46'),
(508, '192.168.10.253', '', '', 1, '2020-01-25 06:09:46', '2020-01-25 06:09:46'),
(509, '192.168.10.254', '', '', 1, '2020-01-25 06:09:46', '2020-01-25 06:09:46'),
(510, '192.168.10.255', '', '', 1, '2020-01-25 06:09:46', '2020-01-25 06:09:46'),
(511, '192.168.1.1', '', '', 1, '2020-01-25 06:11:24', '2020-01-25 06:11:24'),
(512, '192.168.1.2', '', '', 1, '2020-01-25 06:11:24', '2020-01-25 06:11:24'),
(513, '192.168.1.3', '', '', 1, '2020-01-25 06:11:24', '2020-01-25 06:11:24'),
(514, '192.168.1.4', '', '', 1, '2020-01-25 06:11:24', '2020-01-25 06:11:24'),
(515, '192.168.1.5', '', '', 1, '2020-01-25 06:11:24', '2020-01-25 06:11:24'),
(516, '192.168.1.6', '', '', 1, '2020-01-25 06:11:24', '2020-01-25 06:11:24'),
(517, '192.168.1.7', '', '', 1, '2020-01-25 06:11:24', '2020-01-25 06:11:24'),
(518, '192.168.1.8', '', '', 1, '2020-01-25 06:11:24', '2020-01-25 06:11:24'),
(519, '192.168.1.9', '', '', 1, '2020-01-25 06:11:24', '2020-01-25 06:11:24'),
(520, '192.168.1.10', '', '', 1, '2020-01-25 06:11:24', '2020-01-25 06:11:24'),
(521, '192.168.1.11', '', '', 1, '2020-01-25 06:11:24', '2020-01-25 06:11:24'),
(522, '192.168.1.12', '', '', 1, '2020-01-25 06:11:24', '2020-01-25 06:11:24'),
(523, '192.168.1.13', '', '', 1, '2020-01-25 06:11:24', '2020-01-25 06:11:24'),
(524, '192.168.1.14', '', '', 1, '2020-01-25 06:11:24', '2020-01-25 06:11:24'),
(525, '192.168.1.15', '', '', 1, '2020-01-25 06:11:24', '2020-01-25 06:11:24'),
(526, '192.168.1.16', '', '', 1, '2020-01-25 06:11:24', '2020-01-25 06:11:24'),
(527, '192.168.1.17', '', '', 1, '2020-01-25 06:11:24', '2020-01-25 06:11:24'),
(528, '192.168.1.18', '', '', 1, '2020-01-25 06:11:24', '2020-01-25 06:11:24'),
(529, '192.168.1.19', '', '', 1, '2020-01-25 06:11:24', '2020-01-25 06:11:24'),
(530, '192.168.1.20', '', '', 1, '2020-01-25 06:11:24', '2020-01-25 06:11:24'),
(531, '192.168.1.21', '', '', 1, '2020-01-25 06:11:24', '2020-01-25 06:11:24'),
(532, '192.168.1.22', '', '', 1, '2020-01-25 06:11:24', '2020-01-25 06:11:24'),
(533, '192.168.1.23', '', '', 1, '2020-01-25 06:11:24', '2020-01-25 06:11:24'),
(534, '192.168.1.24', '', '', 1, '2020-01-25 06:11:24', '2020-01-25 06:11:24'),
(535, '192.168.1.25', '', '', 1, '2020-01-25 06:11:24', '2020-01-25 06:11:24'),
(536, '192.168.1.26', '', '', 1, '2020-01-25 06:11:24', '2020-01-25 06:11:24'),
(537, '192.168.1.27', '', '', 1, '2020-01-25 06:11:24', '2020-01-25 06:11:24'),
(538, '192.168.1.28', '', '', 1, '2020-01-25 06:11:24', '2020-01-25 06:11:24'),
(539, '192.168.1.29', '', '', 1, '2020-01-25 06:11:24', '2020-01-25 06:11:24'),
(540, '192.168.1.30', '', '', 1, '2020-01-25 06:11:24', '2020-01-25 06:11:24'),
(541, '192.168.1.31', '', '', 1, '2020-01-25 06:11:24', '2020-01-25 06:11:24'),
(542, '192.168.1.32', '', '', 1, '2020-01-25 06:11:24', '2020-01-25 06:11:24'),
(543, '192.168.1.33', '', '', 1, '2020-01-25 06:11:24', '2020-01-25 06:11:24'),
(544, '192.168.1.34', '', '', 1, '2020-01-25 06:11:24', '2020-01-25 06:11:24'),
(545, '192.168.1.35', '', '', 1, '2020-01-25 06:11:24', '2020-01-25 06:11:24'),
(546, '192.168.1.36', '', '', 1, '2020-01-25 06:11:24', '2020-01-25 06:11:24'),
(547, '192.168.1.37', '', '', 1, '2020-01-25 06:11:24', '2020-01-25 06:11:24'),
(548, '192.168.1.38', '', '', 1, '2020-01-25 06:11:24', '2020-01-25 06:11:24'),
(549, '192.168.1.39', '', '', 1, '2020-01-25 06:11:24', '2020-01-25 06:11:24'),
(550, '192.168.1.40', '', '', 1, '2020-01-25 06:11:24', '2020-01-25 06:11:24'),
(551, '192.168.1.41', '', '', 1, '2020-01-25 06:11:24', '2020-01-25 06:11:24'),
(552, '192.168.1.42', '', '', 1, '2020-01-25 06:11:24', '2020-01-25 06:11:24'),
(553, '192.168.1.43', '', '', 1, '2020-01-25 06:11:24', '2020-01-25 06:11:24'),
(554, '192.168.1.44', '', '', 1, '2020-01-25 06:11:24', '2020-01-25 06:11:24'),
(555, '192.168.1.45', '', '', 1, '2020-01-25 06:11:24', '2020-01-25 06:11:24'),
(556, '192.168.1.46', '', '', 1, '2020-01-25 06:11:24', '2020-01-25 06:11:24'),
(557, '192.168.1.47', '', '', 1, '2020-01-25 06:11:24', '2020-01-25 06:11:24'),
(558, '192.168.1.48', '', '', 1, '2020-01-25 06:11:24', '2020-01-25 06:11:24'),
(559, '192.168.1.49', '', '', 1, '2020-01-25 06:11:24', '2020-01-25 06:11:24'),
(560, '192.168.1.50', '', '', 1, '2020-01-25 06:11:24', '2020-01-25 06:11:24'),
(561, '192.168.1.51', '', '', 1, '2020-01-25 06:11:24', '2020-01-25 06:11:24'),
(562, '192.168.1.52', '', '', 1, '2020-01-25 06:11:24', '2020-01-25 06:11:24'),
(563, '192.168.1.53', '', '', 1, '2020-01-25 06:11:24', '2020-01-25 06:11:24'),
(564, '192.168.1.54', '', '', 1, '2020-01-25 06:11:24', '2020-01-25 06:11:24'),
(565, '192.168.1.55', '', '', 1, '2020-01-25 06:11:24', '2020-01-25 06:11:24'),
(566, '192.168.1.56', '', '', 1, '2020-01-25 06:11:24', '2020-01-25 06:11:24'),
(567, '192.168.1.57', '', '', 1, '2020-01-25 06:11:24', '2020-01-25 06:11:24'),
(568, '192.168.1.58', '', '', 1, '2020-01-25 06:11:24', '2020-01-25 06:11:24'),
(569, '192.168.1.59', '', '', 1, '2020-01-25 06:11:24', '2020-01-25 06:11:24'),
(570, '192.168.1.60', '', '', 1, '2020-01-25 06:11:24', '2020-01-25 06:11:24'),
(571, '192.168.1.61', '', '', 1, '2020-01-25 06:11:24', '2020-01-25 06:11:24'),
(572, '192.168.1.62', '', '', 1, '2020-01-25 06:11:24', '2020-01-25 06:11:24'),
(573, '192.168.1.63', '', '', 1, '2020-01-25 06:11:24', '2020-01-25 06:11:24'),
(574, '192.168.1.64', '', '', 1, '2020-01-25 06:11:24', '2020-01-25 06:11:24'),
(575, '192.168.1.65', '', '', 1, '2020-01-25 06:11:24', '2020-01-25 06:11:24'),
(576, '192.168.1.66', '', '', 1, '2020-01-25 06:11:24', '2020-01-25 06:11:24'),
(577, '192.168.1.67', '', '', 1, '2020-01-25 06:11:24', '2020-01-25 06:11:24'),
(578, '192.168.1.68', '', '', 1, '2020-01-25 06:11:24', '2020-01-25 06:11:24'),
(579, '192.168.1.69', '', '', 1, '2020-01-25 06:11:24', '2020-01-25 06:11:24'),
(580, '192.168.1.70', '', '', 1, '2020-01-25 06:11:24', '2020-01-25 06:11:24'),
(581, '192.168.1.71', '', '', 1, '2020-01-25 06:11:24', '2020-01-25 06:11:24'),
(582, '192.168.1.72', '', '', 1, '2020-01-25 06:11:24', '2020-01-25 06:11:24'),
(583, '192.168.1.73', '', '', 1, '2020-01-25 06:11:24', '2020-01-25 06:11:24'),
(584, '192.168.1.74', '', '', 1, '2020-01-25 06:11:24', '2020-01-25 06:11:24'),
(585, '192.168.1.75', '', '', 1, '2020-01-25 06:11:24', '2020-01-25 06:11:24'),
(586, '192.168.1.76', '', '', 1, '2020-01-25 06:11:24', '2020-01-25 06:11:24'),
(587, '192.168.1.77', '', '', 1, '2020-01-25 06:11:24', '2020-01-25 06:11:24'),
(588, '192.168.1.78', '', '', 1, '2020-01-25 06:11:24', '2020-01-25 06:11:24'),
(589, '192.168.1.79', '', '', 1, '2020-01-25 06:11:24', '2020-01-25 06:11:24'),
(590, '192.168.1.80', '', '', 1, '2020-01-25 06:11:24', '2020-01-25 06:11:24'),
(591, '192.168.1.81', '', '', 1, '2020-01-25 06:11:24', '2020-01-25 06:11:24'),
(592, '192.168.1.82', '', '', 1, '2020-01-25 06:11:24', '2020-01-25 06:11:24'),
(593, '192.168.1.83', '', '', 1, '2020-01-25 06:11:24', '2020-01-25 06:11:24'),
(594, '192.168.1.84', '', '', 1, '2020-01-25 06:11:24', '2020-01-25 06:11:24'),
(595, '192.168.1.85', '', '', 1, '2020-01-25 06:11:24', '2020-01-25 06:11:24'),
(596, '192.168.1.86', '', '', 1, '2020-01-25 06:11:24', '2020-01-25 06:11:24'),
(597, '192.168.1.87', '', '', 1, '2020-01-25 06:11:24', '2020-01-25 06:11:24'),
(598, '192.168.1.88', '', '', 1, '2020-01-25 06:11:24', '2020-01-25 06:11:24'),
(599, '192.168.1.89', '', '', 1, '2020-01-25 06:11:24', '2020-01-25 06:11:24'),
(600, '192.168.1.90', '', '', 1, '2020-01-25 06:11:24', '2020-01-25 06:11:24'),
(601, '192.168.1.91', '', '', 1, '2020-01-25 06:11:24', '2020-01-25 06:11:24'),
(602, '192.168.1.92', '', '', 1, '2020-01-25 06:11:24', '2020-01-25 06:11:24'),
(603, '192.168.1.93', '', '', 1, '2020-01-25 06:11:24', '2020-01-25 06:11:24'),
(604, '192.168.1.94', '', '', 1, '2020-01-25 06:11:24', '2020-01-25 06:11:24'),
(605, '192.168.1.95', '', '', 1, '2020-01-25 06:11:24', '2020-01-25 06:11:24'),
(606, '192.168.1.96', '', '', 1, '2020-01-25 06:11:24', '2020-01-25 06:11:24'),
(607, '192.168.1.97', '', '', 1, '2020-01-25 06:11:24', '2020-01-25 06:11:24'),
(608, '192.168.1.98', '', '', 1, '2020-01-25 06:11:24', '2020-01-25 06:11:24'),
(609, '192.168.1.99', '', '', 1, '2020-01-25 06:11:24', '2020-01-25 06:11:24'),
(610, '192.168.1.100', '', '', 1, '2020-01-25 06:11:24', '2020-01-25 06:11:24'),
(611, '192.168.1.101', '', '', 1, '2020-01-25 06:11:24', '2020-01-25 06:11:24'),
(612, '192.168.1.102', '', '', 1, '2020-01-25 06:11:24', '2020-01-25 06:11:24'),
(613, '192.168.1.103', '', '', 1, '2020-01-25 06:11:24', '2020-01-25 06:11:24'),
(614, '192.168.1.104', '', '', 1, '2020-01-25 06:11:24', '2020-01-25 06:11:24'),
(615, '192.168.1.105', '', '', 1, '2020-01-25 06:11:24', '2020-01-25 06:11:24'),
(616, '192.168.1.106', '', '', 1, '2020-01-25 06:11:24', '2020-01-25 06:11:24'),
(617, '192.168.1.107', '', '', 1, '2020-01-25 06:11:24', '2020-01-25 06:11:24'),
(618, '192.168.1.108', '', '', 1, '2020-01-25 06:11:24', '2020-01-25 06:11:24'),
(619, '192.168.1.109', '', '', 1, '2020-01-25 06:11:24', '2020-01-25 06:11:24'),
(620, '192.168.1.110', '', '', 1, '2020-01-25 06:11:24', '2020-01-25 06:11:24'),
(621, '192.168.1.111', '', '', 1, '2020-01-25 06:11:24', '2020-01-25 06:11:24'),
(622, '192.168.1.112', '', '', 1, '2020-01-25 06:11:24', '2020-01-25 06:11:24'),
(623, '192.168.1.113', '', '', 1, '2020-01-25 06:11:24', '2020-01-25 06:11:24'),
(624, '192.168.1.114', '', '', 1, '2020-01-25 06:11:24', '2020-01-25 06:11:24'),
(625, '192.168.1.115', '', '', 1, '2020-01-25 06:11:24', '2020-01-25 06:11:24'),
(626, '192.168.1.116', '', '', 1, '2020-01-25 06:11:24', '2020-01-25 06:11:24'),
(627, '192.168.1.117', '', '', 1, '2020-01-25 06:11:24', '2020-01-25 06:11:24'),
(628, '192.168.1.118', '', '', 1, '2020-01-25 06:11:24', '2020-01-25 06:11:24'),
(629, '192.168.1.119', '', '', 1, '2020-01-25 06:11:24', '2020-01-25 06:11:24'),
(630, '192.168.1.120', '', '', 1, '2020-01-25 06:11:24', '2020-01-25 06:11:24');
INSERT INTO `red` (`id`, `ip`, `tabla`, `tabla_id`, `estado`, `created_at`, `updated_at`) VALUES
(631, '192.168.1.121', '', '', 1, '2020-01-25 06:11:24', '2020-01-25 06:11:24'),
(632, '192.168.1.122', '', '', 1, '2020-01-25 06:11:24', '2020-01-25 06:11:24'),
(633, '192.168.1.123', '', '', 1, '2020-01-25 06:11:24', '2020-01-25 06:11:24'),
(634, '192.168.1.124', '', '', 1, '2020-01-25 06:11:24', '2020-01-25 06:11:24'),
(635, '192.168.1.125', '', '', 1, '2020-01-25 06:11:24', '2020-01-25 06:11:24'),
(636, '192.168.1.126', '', '', 1, '2020-01-25 06:11:24', '2020-01-25 06:11:24'),
(637, '192.168.1.127', '', '', 1, '2020-01-25 06:11:24', '2020-01-25 06:11:24'),
(638, '192.168.1.128', '', '', 1, '2020-01-25 06:11:24', '2020-01-25 06:11:24'),
(639, '192.168.1.129', '', '', 1, '2020-01-25 06:11:24', '2020-01-25 06:11:24'),
(640, '192.168.1.130', '', '', 1, '2020-01-25 06:11:24', '2020-01-25 06:11:24'),
(641, '192.168.1.131', '', '', 1, '2020-01-25 06:11:24', '2020-01-25 06:11:24'),
(642, '192.168.1.132', '', '', 1, '2020-01-25 06:11:24', '2020-01-25 06:11:24'),
(643, '192.168.1.133', '', '', 1, '2020-01-25 06:11:24', '2020-01-25 06:11:24'),
(644, '192.168.1.134', '', '', 1, '2020-01-25 06:11:24', '2020-01-25 06:11:24'),
(645, '192.168.1.135', '', '', 1, '2020-01-25 06:11:24', '2020-01-25 06:11:24'),
(646, '192.168.1.136', '', '', 1, '2020-01-25 06:11:24', '2020-01-25 06:11:24'),
(647, '192.168.1.137', '', '', 1, '2020-01-25 06:11:24', '2020-01-25 06:11:24'),
(648, '192.168.1.138', '', '', 1, '2020-01-25 06:11:24', '2020-01-25 06:11:24'),
(649, '192.168.1.139', '', '', 1, '2020-01-25 06:11:24', '2020-01-25 06:11:24'),
(650, '192.168.1.140', '', '', 1, '2020-01-25 06:11:24', '2020-01-25 06:11:24'),
(651, '192.168.1.141', '', '', 1, '2020-01-25 06:11:24', '2020-01-25 06:11:24'),
(652, '192.168.1.142', '', '', 1, '2020-01-25 06:11:24', '2020-01-25 06:11:24'),
(653, '192.168.1.143', '', '', 1, '2020-01-25 06:11:24', '2020-01-25 06:11:24'),
(654, '192.168.1.144', '', '', 1, '2020-01-25 06:11:24', '2020-01-25 06:11:24'),
(655, '192.168.1.145', '', '', 1, '2020-01-25 06:11:24', '2020-01-25 06:11:24'),
(656, '192.168.1.146', '', '', 1, '2020-01-25 06:11:24', '2020-01-25 06:11:24'),
(657, '192.168.1.147', '', '', 1, '2020-01-25 06:11:24', '2020-01-25 06:11:24'),
(658, '192.168.1.148', '', '', 1, '2020-01-25 06:11:24', '2020-01-25 06:11:24'),
(659, '192.168.1.149', '', '', 1, '2020-01-25 06:11:24', '2020-01-25 06:11:24'),
(660, '192.168.1.150', '', '', 1, '2020-01-25 06:11:24', '2020-01-25 06:11:24'),
(661, '192.168.1.151', '', '', 1, '2020-01-25 06:11:24', '2020-01-25 06:11:24'),
(662, '192.168.1.152', '', '', 1, '2020-01-25 06:11:24', '2020-01-25 06:11:24'),
(663, '192.168.1.153', '', '', 1, '2020-01-25 06:11:24', '2020-01-25 06:11:24'),
(664, '192.168.1.154', '', '', 1, '2020-01-25 06:11:24', '2020-01-25 06:11:24'),
(665, '192.168.1.155', '', '', 1, '2020-01-25 06:11:24', '2020-01-25 06:11:24'),
(666, '192.168.1.156', '', '', 1, '2020-01-25 06:11:24', '2020-01-25 06:11:24'),
(667, '192.168.1.157', '', '', 1, '2020-01-25 06:11:24', '2020-01-25 06:11:24'),
(668, '192.168.1.158', '', '', 1, '2020-01-25 06:11:24', '2020-01-25 06:11:24'),
(669, '192.168.1.159', '', '', 1, '2020-01-25 06:11:24', '2020-01-25 06:11:24'),
(670, '192.168.1.160', '', '', 1, '2020-01-25 06:11:24', '2020-01-25 06:11:24'),
(671, '192.168.1.161', '', '', 1, '2020-01-25 06:11:24', '2020-01-25 06:11:24'),
(672, '192.168.1.162', '', '', 1, '2020-01-25 06:11:24', '2020-01-25 06:11:24'),
(673, '192.168.1.163', '', '', 1, '2020-01-25 06:11:24', '2020-01-25 06:11:24'),
(674, '192.168.1.164', '', '', 1, '2020-01-25 06:11:24', '2020-01-25 06:11:24'),
(675, '192.168.1.165', '', '', 1, '2020-01-25 06:11:24', '2020-01-25 06:11:24'),
(676, '192.168.1.166', '', '', 1, '2020-01-25 06:11:24', '2020-01-25 06:11:24'),
(677, '192.168.1.167', '', '', 1, '2020-01-25 06:11:24', '2020-01-25 06:11:24'),
(678, '192.168.1.168', '', '', 1, '2020-01-25 06:11:24', '2020-01-25 06:11:24'),
(679, '192.168.1.169', '', '', 1, '2020-01-25 06:11:24', '2020-01-25 06:11:24'),
(680, '192.168.1.170', '', '', 1, '2020-01-25 06:11:24', '2020-01-25 06:11:24'),
(681, '192.168.1.171', '', '', 1, '2020-01-25 06:11:24', '2020-01-25 06:11:24'),
(682, '192.168.1.172', '', '', 1, '2020-01-25 06:11:25', '2020-01-25 06:11:25'),
(683, '192.168.1.173', '', '', 1, '2020-01-25 06:11:25', '2020-01-25 06:11:25'),
(684, '192.168.1.174', '', '', 1, '2020-01-25 06:11:25', '2020-01-25 06:11:25'),
(685, '192.168.1.175', '', '', 1, '2020-01-25 06:11:25', '2020-01-25 06:11:25'),
(686, '192.168.1.176', '', '', 1, '2020-01-25 06:11:25', '2020-01-25 06:11:25'),
(687, '192.168.1.177', '', '', 1, '2020-01-25 06:11:25', '2020-01-25 06:11:25'),
(688, '192.168.1.178', '', '', 1, '2020-01-25 06:11:25', '2020-01-25 06:11:25'),
(689, '192.168.1.179', '', '', 1, '2020-01-25 06:11:25', '2020-01-25 06:11:25'),
(690, '192.168.1.180', '', '', 1, '2020-01-25 06:11:25', '2020-01-25 06:11:25'),
(691, '192.168.1.181', '', '', 1, '2020-01-25 06:11:25', '2020-01-25 06:11:25'),
(692, '192.168.1.182', '', '', 1, '2020-01-25 06:11:25', '2020-01-25 06:11:25'),
(693, '192.168.1.183', '', '', 1, '2020-01-25 06:11:25', '2020-01-25 06:11:25'),
(694, '192.168.1.184', '', '', 1, '2020-01-25 06:11:25', '2020-01-25 06:11:25'),
(695, '192.168.1.185', '', '', 1, '2020-01-25 06:11:25', '2020-01-25 06:11:25'),
(696, '192.168.1.186', '', '', 1, '2020-01-25 06:11:25', '2020-01-25 06:11:25'),
(697, '192.168.1.187', '', '', 1, '2020-01-25 06:11:25', '2020-01-25 06:11:25'),
(698, '192.168.1.188', '', '', 1, '2020-01-25 06:11:25', '2020-01-25 06:11:25'),
(699, '192.168.1.189', '', '', 1, '2020-01-25 06:11:25', '2020-01-25 06:11:25'),
(700, '192.168.1.190', '', '', 1, '2020-01-25 06:11:25', '2020-01-25 06:11:25'),
(701, '192.168.1.191', '', '', 1, '2020-01-25 06:11:25', '2020-01-25 06:11:25'),
(702, '192.168.1.192', '', '', 1, '2020-01-25 06:11:25', '2020-01-25 06:11:25'),
(703, '192.168.1.193', '', '', 1, '2020-01-25 06:11:25', '2020-01-25 06:11:25'),
(704, '192.168.1.194', '', '', 1, '2020-01-25 06:11:25', '2020-01-25 06:11:25'),
(705, '192.168.1.195', '', '', 1, '2020-01-25 06:11:25', '2020-01-25 06:11:25'),
(706, '192.168.1.196', '', '', 1, '2020-01-25 06:11:25', '2020-01-25 06:11:25'),
(707, '192.168.1.197', '', '', 1, '2020-01-25 06:11:25', '2020-01-25 06:11:25'),
(708, '192.168.1.198', '', '', 1, '2020-01-25 06:11:25', '2020-01-25 06:11:25'),
(709, '192.168.1.199', '', '', 1, '2020-01-25 06:11:25', '2020-01-25 06:11:25'),
(710, '192.168.1.200', '', '', 1, '2020-01-25 06:11:25', '2020-01-25 06:11:25'),
(711, '192.168.1.201', '', '', 1, '2020-01-25 06:11:25', '2020-01-25 06:11:25'),
(712, '192.168.1.202', '', '', 1, '2020-01-25 06:11:25', '2020-01-25 06:11:25'),
(713, '192.168.1.203', '', '', 1, '2020-01-25 06:11:25', '2020-01-25 06:11:25'),
(714, '192.168.1.204', '', '', 1, '2020-01-25 06:11:25', '2020-01-25 06:11:25'),
(715, '192.168.1.205', '', '', 1, '2020-01-25 06:11:25', '2020-01-25 06:11:25'),
(716, '192.168.1.206', '', '', 1, '2020-01-25 06:11:25', '2020-01-25 06:11:25'),
(717, '192.168.1.207', '', '', 1, '2020-01-25 06:11:25', '2020-01-25 06:11:25'),
(718, '192.168.1.208', '', '', 1, '2020-01-25 06:11:25', '2020-01-25 06:11:25'),
(719, '192.168.1.209', '', '', 1, '2020-01-25 06:11:25', '2020-01-25 06:11:25'),
(720, '192.168.1.210', '', '', 1, '2020-01-25 06:11:25', '2020-01-25 06:11:25'),
(721, '192.168.1.211', '', '', 1, '2020-01-25 06:11:25', '2020-01-25 06:11:25'),
(722, '192.168.1.212', '', '', 1, '2020-01-25 06:11:25', '2020-01-25 06:11:25'),
(723, '192.168.1.213', '', '', 1, '2020-01-25 06:11:25', '2020-01-25 06:11:25'),
(724, '192.168.1.214', '', '', 1, '2020-01-25 06:11:25', '2020-01-25 06:11:25'),
(725, '192.168.1.215', '', '', 1, '2020-01-25 06:11:25', '2020-01-25 06:11:25'),
(726, '192.168.1.216', '', '', 1, '2020-01-25 06:11:25', '2020-01-25 06:11:25'),
(727, '192.168.1.217', '', '', 1, '2020-01-25 06:11:25', '2020-01-25 06:11:25'),
(728, '192.168.1.218', '', '', 1, '2020-01-25 06:11:25', '2020-01-25 06:11:25'),
(729, '192.168.1.219', '', '', 1, '2020-01-25 06:11:25', '2020-01-25 06:11:25'),
(730, '192.168.1.220', '', '', 1, '2020-01-25 06:11:25', '2020-01-25 06:11:25'),
(731, '192.168.1.221', '', '', 1, '2020-01-25 06:11:25', '2020-01-25 06:11:25'),
(732, '192.168.1.222', '', '', 1, '2020-01-25 06:11:25', '2020-01-25 06:11:25'),
(733, '192.168.1.223', '', '', 1, '2020-01-25 06:11:25', '2020-01-25 06:11:25'),
(734, '192.168.1.224', '', '', 1, '2020-01-25 06:11:25', '2020-01-25 06:11:25'),
(735, '192.168.1.225', '', '', 1, '2020-01-25 06:11:25', '2020-01-25 06:11:25'),
(736, '192.168.1.226', '', '', 1, '2020-01-25 06:11:25', '2020-01-25 06:11:25'),
(737, '192.168.1.227', '', '', 1, '2020-01-25 06:11:25', '2020-01-25 06:11:25'),
(738, '192.168.1.228', '', '', 1, '2020-01-25 06:11:25', '2020-01-25 06:11:25'),
(739, '192.168.1.229', '', '', 1, '2020-01-25 06:11:25', '2020-01-25 06:11:25'),
(740, '192.168.1.230', '', '', 1, '2020-01-25 06:11:25', '2020-01-25 06:11:25'),
(741, '192.168.1.231', '', '', 1, '2020-01-25 06:11:25', '2020-01-25 06:11:25'),
(742, '192.168.1.232', '', '', 1, '2020-01-25 06:11:25', '2020-01-25 06:11:25'),
(743, '192.168.1.233', '', '', 1, '2020-01-25 06:11:25', '2020-01-25 06:11:25'),
(744, '192.168.1.234', '', '', 1, '2020-01-25 06:11:25', '2020-01-25 06:11:25'),
(745, '192.168.1.235', '', '', 1, '2020-01-25 06:11:25', '2020-01-25 06:11:25'),
(746, '192.168.1.236', '', '', 1, '2020-01-25 06:11:25', '2020-01-25 06:11:25'),
(747, '192.168.1.237', '', '', 1, '2020-01-25 06:11:25', '2020-01-25 06:11:25'),
(748, '192.168.1.238', '', '', 1, '2020-01-25 06:11:25', '2020-01-25 06:11:25'),
(749, '192.168.1.239', '', '', 1, '2020-01-25 06:11:25', '2020-01-25 06:11:25'),
(750, '192.168.1.240', '', '', 1, '2020-01-25 06:11:25', '2020-01-25 06:11:25'),
(751, '192.168.1.241', '', '', 1, '2020-01-25 06:11:25', '2020-01-25 06:11:25'),
(752, '192.168.1.242', '', '', 1, '2020-01-25 06:11:25', '2020-01-25 06:11:25'),
(753, '192.168.1.243', '', '', 1, '2020-01-25 06:11:25', '2020-01-25 06:11:25'),
(754, '192.168.1.244', '', '', 1, '2020-01-25 06:11:25', '2020-01-25 06:11:25'),
(755, '192.168.1.245', '', '', 1, '2020-01-25 06:11:25', '2020-01-25 06:11:25'),
(756, '192.168.1.246', '', '', 1, '2020-01-25 06:11:25', '2020-01-25 06:11:25'),
(757, '192.168.1.247', '', '', 1, '2020-01-25 06:11:25', '2020-01-25 06:11:25'),
(758, '192.168.1.248', '', '', 1, '2020-01-25 06:11:25', '2020-01-25 06:11:25'),
(759, '192.168.1.249', '', '', 1, '2020-01-25 06:11:25', '2020-01-25 06:11:25'),
(760, '192.168.1.250', '', '', 1, '2020-01-25 06:11:25', '2020-01-25 06:11:25'),
(761, '192.168.1.251', '', '', 1, '2020-01-25 06:11:25', '2020-01-25 06:11:25'),
(762, '192.168.1.252', '', '', 1, '2020-01-25 06:11:25', '2020-01-25 06:11:25'),
(763, '192.168.1.253', '', '', 1, '2020-01-25 06:11:25', '2020-01-25 06:11:25'),
(764, '192.168.1.254', '', '', 1, '2020-01-25 06:11:25', '2020-01-25 06:11:25'),
(765, '192.168.1.255', '', '', 1, '2020-01-25 06:11:25', '2020-01-25 06:11:25'),
(766, '192.168.5.1', '', '', 1, '2020-01-25 06:11:51', '2020-01-25 06:11:51'),
(767, '192.168.5.2', '', '', 1, '2020-01-25 06:11:51', '2020-01-25 06:11:51'),
(768, '192.168.5.3', '', '', 1, '2020-01-25 06:11:51', '2020-01-25 06:11:51'),
(769, '192.168.5.4', '', '', 1, '2020-01-25 06:11:51', '2020-01-25 06:11:51'),
(770, '192.168.5.5', '', '', 1, '2020-01-25 06:11:51', '2020-01-25 06:11:51'),
(771, '192.168.5.6', '', '', 1, '2020-01-25 06:11:51', '2020-01-25 06:11:51'),
(772, '192.168.5.7', '', '', 1, '2020-01-25 06:11:51', '2020-01-25 06:11:51'),
(773, '192.168.5.8', '', '', 1, '2020-01-25 06:11:51', '2020-01-25 06:11:51'),
(774, '192.168.5.9', '', '', 1, '2020-01-25 06:11:51', '2020-01-25 06:11:51'),
(775, '192.168.5.10', '', '', 1, '2020-01-25 06:11:51', '2020-01-25 06:11:51'),
(776, '192.168.5.11', '', '', 1, '2020-01-25 06:11:51', '2020-01-25 06:11:51'),
(777, '192.168.5.12', '', '', 1, '2020-01-25 06:11:51', '2020-01-25 06:11:51'),
(778, '192.168.5.13', '', '', 1, '2020-01-25 06:11:51', '2020-01-25 06:11:51'),
(779, '192.168.5.14', '', '', 1, '2020-01-25 06:11:51', '2020-01-25 06:11:51'),
(780, '192.168.5.15', '', '', 1, '2020-01-25 06:11:51', '2020-01-25 06:11:51'),
(781, '192.168.5.16', '', '', 1, '2020-01-25 06:11:51', '2020-01-25 06:11:51'),
(782, '192.168.5.17', '', '', 1, '2020-01-25 06:11:51', '2020-01-25 06:11:51'),
(783, '192.168.5.18', '', '', 1, '2020-01-25 06:11:51', '2020-01-25 06:11:51'),
(784, '192.168.5.19', '', '', 1, '2020-01-25 06:11:51', '2020-01-25 06:11:51'),
(785, '192.168.5.20', '', '', 1, '2020-01-25 06:11:51', '2020-01-25 06:11:51'),
(786, '192.168.5.21', '', '', 1, '2020-01-25 06:11:51', '2020-01-25 06:11:51'),
(787, '192.168.5.22', '', '', 1, '2020-01-25 06:11:51', '2020-01-25 06:11:51'),
(788, '192.168.5.23', '', '', 1, '2020-01-25 06:11:51', '2020-01-25 06:11:51'),
(789, '192.168.5.24', '', '', 1, '2020-01-25 06:11:51', '2020-01-25 06:11:51'),
(790, '192.168.5.25', '', '', 1, '2020-01-25 06:11:51', '2020-01-25 06:11:51'),
(791, '192.168.5.26', '', '', 1, '2020-01-25 06:11:51', '2020-01-25 06:11:51'),
(792, '192.168.5.27', '', '', 1, '2020-01-25 06:11:51', '2020-01-25 06:11:51'),
(793, '192.168.5.28', '', '', 1, '2020-01-25 06:11:51', '2020-01-25 06:11:51'),
(794, '192.168.5.29', '', '', 1, '2020-01-25 06:11:51', '2020-01-25 06:11:51'),
(795, '192.168.5.30', '', '', 1, '2020-01-25 06:11:51', '2020-01-25 06:11:51'),
(796, '192.168.5.31', '', '', 1, '2020-01-25 06:11:51', '2020-01-25 06:11:51'),
(797, '192.168.5.32', '', '', 1, '2020-01-25 06:11:51', '2020-01-25 06:11:51'),
(798, '192.168.5.33', '', '', 1, '2020-01-25 06:11:51', '2020-01-25 06:11:51'),
(799, '192.168.5.34', '', '', 1, '2020-01-25 06:11:51', '2020-01-25 06:11:51'),
(800, '192.168.5.35', '', '', 1, '2020-01-25 06:11:51', '2020-01-25 06:11:51'),
(801, '192.168.5.36', '', '', 1, '2020-01-25 06:11:51', '2020-01-25 06:11:51'),
(802, '192.168.5.37', '', '', 1, '2020-01-25 06:11:51', '2020-01-25 06:11:51'),
(803, '192.168.5.38', '', '', 1, '2020-01-25 06:11:51', '2020-01-25 06:11:51'),
(804, '192.168.5.39', '', '', 1, '2020-01-25 06:11:51', '2020-01-25 06:11:51'),
(805, '192.168.5.40', '', '', 1, '2020-01-25 06:11:51', '2020-01-25 06:11:51'),
(806, '192.168.5.41', '', '', 1, '2020-01-25 06:11:51', '2020-01-25 06:11:51'),
(807, '192.168.5.42', '', '', 1, '2020-01-25 06:11:51', '2020-01-25 06:11:51'),
(808, '192.168.5.43', '', '', 1, '2020-01-25 06:11:51', '2020-01-25 06:11:51'),
(809, '192.168.5.44', '', '', 1, '2020-01-25 06:11:51', '2020-01-25 06:11:51'),
(810, '192.168.5.45', '', '', 1, '2020-01-25 06:11:51', '2020-01-25 06:11:51'),
(811, '192.168.5.46', '', '', 1, '2020-01-25 06:11:51', '2020-01-25 06:11:51'),
(812, '192.168.5.47', '', '', 1, '2020-01-25 06:11:51', '2020-01-25 06:11:51'),
(813, '192.168.5.48', '', '', 1, '2020-01-25 06:11:51', '2020-01-25 06:11:51'),
(814, '192.168.5.49', '', '', 1, '2020-01-25 06:11:51', '2020-01-25 06:11:51'),
(815, '192.168.5.50', '', '', 1, '2020-01-25 06:11:51', '2020-01-25 06:11:51'),
(816, '192.168.5.51', '', '', 1, '2020-01-25 06:11:51', '2020-01-25 06:11:51'),
(817, '192.168.5.52', '', '', 1, '2020-01-25 06:11:51', '2020-01-25 06:11:51'),
(818, '192.168.5.53', '', '', 1, '2020-01-25 06:11:51', '2020-01-25 06:11:51'),
(819, '192.168.5.54', '', '', 1, '2020-01-25 06:11:51', '2020-01-25 06:11:51'),
(820, '192.168.5.55', '', '', 1, '2020-01-25 06:11:51', '2020-01-25 06:11:51'),
(821, '192.168.5.56', '', '', 1, '2020-01-25 06:11:51', '2020-01-25 06:11:51'),
(822, '192.168.5.57', '', '', 1, '2020-01-25 06:11:51', '2020-01-25 06:11:51'),
(823, '192.168.5.58', '', '', 1, '2020-01-25 06:11:51', '2020-01-25 06:11:51'),
(824, '192.168.5.59', '', '', 1, '2020-01-25 06:11:51', '2020-01-25 06:11:51'),
(825, '192.168.5.60', '', '', 1, '2020-01-25 06:11:51', '2020-01-25 06:11:51'),
(826, '192.168.5.61', '', '', 1, '2020-01-25 06:11:51', '2020-01-25 06:11:51'),
(827, '192.168.5.62', '', '', 1, '2020-01-25 06:11:51', '2020-01-25 06:11:51'),
(828, '192.168.5.63', '', '', 1, '2020-01-25 06:11:51', '2020-01-25 06:11:51'),
(829, '192.168.5.64', '', '', 1, '2020-01-25 06:11:51', '2020-01-25 06:11:51'),
(830, '192.168.5.65', '', '', 1, '2020-01-25 06:11:51', '2020-01-25 06:11:51'),
(831, '192.168.5.66', '', '', 1, '2020-01-25 06:11:51', '2020-01-25 06:11:51'),
(832, '192.168.5.67', '', '', 1, '2020-01-25 06:11:51', '2020-01-25 06:11:51'),
(833, '192.168.5.68', '', '', 1, '2020-01-25 06:11:51', '2020-01-25 06:11:51'),
(834, '192.168.5.69', '', '', 1, '2020-01-25 06:11:51', '2020-01-25 06:11:51'),
(835, '192.168.5.70', '', '', 1, '2020-01-25 06:11:51', '2020-01-25 06:11:51'),
(836, '192.168.5.71', '', '', 1, '2020-01-25 06:11:51', '2020-01-25 06:11:51'),
(837, '192.168.5.72', '', '', 1, '2020-01-25 06:11:51', '2020-01-25 06:11:51'),
(838, '192.168.5.73', '', '', 1, '2020-01-25 06:11:51', '2020-01-25 06:11:51'),
(839, '192.168.5.74', '', '', 1, '2020-01-25 06:11:51', '2020-01-25 06:11:51'),
(840, '192.168.5.75', '', '', 1, '2020-01-25 06:11:51', '2020-01-25 06:11:51'),
(841, '192.168.5.76', '', '', 1, '2020-01-25 06:11:51', '2020-01-25 06:11:51'),
(842, '192.168.5.77', '', '', 1, '2020-01-25 06:11:51', '2020-01-25 06:11:51'),
(843, '192.168.5.78', '', '', 1, '2020-01-25 06:11:51', '2020-01-25 06:11:51'),
(844, '192.168.5.79', '', '', 1, '2020-01-25 06:11:51', '2020-01-25 06:11:51'),
(845, '192.168.5.80', '', '', 1, '2020-01-25 06:11:51', '2020-01-25 06:11:51'),
(846, '192.168.5.81', '', '', 1, '2020-01-25 06:11:51', '2020-01-25 06:11:51'),
(847, '192.168.5.82', '', '', 1, '2020-01-25 06:11:51', '2020-01-25 06:11:51'),
(848, '192.168.5.83', '', '', 1, '2020-01-25 06:11:51', '2020-01-25 06:11:51'),
(849, '192.168.5.84', '', '', 1, '2020-01-25 06:11:51', '2020-01-25 06:11:51'),
(850, '192.168.5.85', '', '', 1, '2020-01-25 06:11:51', '2020-01-25 06:11:51'),
(851, '192.168.5.86', '', '', 1, '2020-01-25 06:11:51', '2020-01-25 06:11:51'),
(852, '192.168.5.87', '', '', 1, '2020-01-25 06:11:51', '2020-01-25 06:11:51'),
(853, '192.168.5.88', '', '', 1, '2020-01-25 06:11:51', '2020-01-25 06:11:51'),
(854, '192.168.5.89', '', '', 1, '2020-01-25 06:11:51', '2020-01-25 06:11:51'),
(855, '192.168.5.90', '', '', 1, '2020-01-25 06:11:51', '2020-01-25 06:11:51'),
(856, '192.168.5.91', '', '', 1, '2020-01-25 06:11:51', '2020-01-25 06:11:51'),
(857, '192.168.5.92', '', '', 1, '2020-01-25 06:11:51', '2020-01-25 06:11:51'),
(858, '192.168.5.93', '', '', 1, '2020-01-25 06:11:51', '2020-01-25 06:11:51'),
(859, '192.168.5.94', '', '', 1, '2020-01-25 06:11:51', '2020-01-25 06:11:51'),
(860, '192.168.5.95', '', '', 1, '2020-01-25 06:11:51', '2020-01-25 06:11:51'),
(861, '192.168.5.96', '', '', 1, '2020-01-25 06:11:51', '2020-01-25 06:11:51'),
(862, '192.168.5.97', '', '', 1, '2020-01-25 06:11:51', '2020-01-25 06:11:51'),
(863, '192.168.5.98', '', '', 1, '2020-01-25 06:11:51', '2020-01-25 06:11:51'),
(864, '192.168.5.99', '', '', 1, '2020-01-25 06:11:51', '2020-01-25 06:11:51'),
(865, '192.168.5.100', '', '', 1, '2020-01-25 06:11:51', '2020-01-25 06:11:51'),
(866, '192.168.5.101', '', '', 1, '2020-01-25 06:11:51', '2020-01-25 06:11:51'),
(867, '192.168.5.102', '', '', 1, '2020-01-25 06:11:51', '2020-01-25 06:11:51'),
(868, '192.168.5.103', '', '', 1, '2020-01-25 06:11:51', '2020-01-25 06:11:51'),
(869, '192.168.5.104', '', '', 1, '2020-01-25 06:11:51', '2020-01-25 06:11:51'),
(870, '192.168.5.105', '', '', 1, '2020-01-25 06:11:51', '2020-01-25 06:11:51'),
(871, '192.168.5.106', '', '', 1, '2020-01-25 06:11:51', '2020-01-25 06:11:51'),
(872, '192.168.5.107', '', '', 1, '2020-01-25 06:11:51', '2020-01-25 06:11:51'),
(873, '192.168.5.108', '', '', 1, '2020-01-25 06:11:51', '2020-01-25 06:11:51'),
(874, '192.168.5.109', '', '', 1, '2020-01-25 06:11:51', '2020-01-25 06:11:51'),
(875, '192.168.5.110', '', '', 1, '2020-01-25 06:11:51', '2020-01-25 06:11:51'),
(876, '192.168.5.111', '', '', 1, '2020-01-25 06:11:51', '2020-01-25 06:11:51'),
(877, '192.168.5.112', '', '', 1, '2020-01-25 06:11:51', '2020-01-25 06:11:51'),
(878, '192.168.5.113', '', '', 1, '2020-01-25 06:11:51', '2020-01-25 06:11:51'),
(879, '192.168.5.114', '', '', 1, '2020-01-25 06:11:51', '2020-01-25 06:11:51'),
(880, '192.168.5.115', '', '', 1, '2020-01-25 06:11:51', '2020-01-25 06:11:51'),
(881, '192.168.5.116', '', '', 1, '2020-01-25 06:11:51', '2020-01-25 06:11:51'),
(882, '192.168.5.117', '', '', 1, '2020-01-25 06:11:51', '2020-01-25 06:11:51'),
(883, '192.168.5.118', '', '', 1, '2020-01-25 06:11:51', '2020-01-25 06:11:51'),
(884, '192.168.5.119', '', '', 1, '2020-01-25 06:11:51', '2020-01-25 06:11:51'),
(885, '192.168.5.120', '', '', 1, '2020-01-25 06:11:51', '2020-01-25 06:11:51'),
(886, '192.168.5.121', '', '', 1, '2020-01-25 06:11:51', '2020-01-25 06:11:51'),
(887, '192.168.5.122', '', '', 1, '2020-01-25 06:11:51', '2020-01-25 06:11:51'),
(888, '192.168.5.123', '', '', 1, '2020-01-25 06:11:51', '2020-01-25 06:11:51'),
(889, '192.168.5.124', '', '', 1, '2020-01-25 06:11:51', '2020-01-25 06:11:51'),
(890, '192.168.5.125', '', '', 1, '2020-01-25 06:11:51', '2020-01-25 06:11:51'),
(891, '192.168.5.126', '', '', 1, '2020-01-25 06:11:51', '2020-01-25 06:11:51'),
(892, '192.168.5.127', '', '', 1, '2020-01-25 06:11:51', '2020-01-25 06:11:51'),
(893, '192.168.5.128', '', '', 1, '2020-01-25 06:11:51', '2020-01-25 06:11:51'),
(894, '192.168.5.129', '', '', 1, '2020-01-25 06:11:51', '2020-01-25 06:11:51'),
(895, '192.168.5.130', '', '', 1, '2020-01-25 06:11:51', '2020-01-25 06:11:51'),
(896, '192.168.5.131', '', '', 1, '2020-01-25 06:11:51', '2020-01-25 06:11:51'),
(897, '192.168.5.132', '', '', 1, '2020-01-25 06:11:51', '2020-01-25 06:11:51'),
(898, '192.168.5.133', '', '', 1, '2020-01-25 06:11:51', '2020-01-25 06:11:51'),
(899, '192.168.5.134', '', '', 1, '2020-01-25 06:11:51', '2020-01-25 06:11:51'),
(900, '192.168.5.135', '', '', 1, '2020-01-25 06:11:51', '2020-01-25 06:11:51'),
(901, '192.168.5.136', '', '', 1, '2020-01-25 06:11:51', '2020-01-25 06:11:51'),
(902, '192.168.5.137', '', '', 1, '2020-01-25 06:11:51', '2020-01-25 06:11:51'),
(903, '192.168.5.138', '', '', 1, '2020-01-25 06:11:51', '2020-01-25 06:11:51'),
(904, '192.168.5.139', '', '', 1, '2020-01-25 06:11:51', '2020-01-25 06:11:51'),
(905, '192.168.5.140', '', '', 1, '2020-01-25 06:11:51', '2020-01-25 06:11:51'),
(906, '192.168.5.141', '', '', 1, '2020-01-25 06:11:51', '2020-01-25 06:11:51'),
(907, '192.168.5.142', '', '', 1, '2020-01-25 06:11:51', '2020-01-25 06:11:51'),
(908, '192.168.5.143', '', '', 1, '2020-01-25 06:11:51', '2020-01-25 06:11:51'),
(909, '192.168.5.144', '', '', 1, '2020-01-25 06:11:51', '2020-01-25 06:11:51'),
(910, '192.168.5.145', '', '', 1, '2020-01-25 06:11:51', '2020-01-25 06:11:51'),
(911, '192.168.5.146', '', '', 1, '2020-01-25 06:11:51', '2020-01-25 06:11:51'),
(912, '192.168.5.147', '', '', 1, '2020-01-25 06:11:51', '2020-01-25 06:11:51'),
(913, '192.168.5.148', '', '', 1, '2020-01-25 06:11:51', '2020-01-25 06:11:51'),
(914, '192.168.5.149', '', '', 1, '2020-01-25 06:11:51', '2020-01-25 06:11:51'),
(915, '192.168.5.150', '', '', 1, '2020-01-25 06:11:51', '2020-01-25 06:11:51'),
(916, '192.168.5.151', '', '', 1, '2020-01-25 06:11:51', '2020-01-25 06:11:51'),
(917, '192.168.5.152', '', '', 1, '2020-01-25 06:11:51', '2020-01-25 06:11:51'),
(918, '192.168.5.153', '', '', 1, '2020-01-25 06:11:51', '2020-01-25 06:11:51'),
(919, '192.168.5.154', '', '', 1, '2020-01-25 06:11:51', '2020-01-25 06:11:51'),
(920, '192.168.5.155', '', '', 1, '2020-01-25 06:11:51', '2020-01-25 06:11:51'),
(921, '192.168.5.156', '', '', 1, '2020-01-25 06:11:51', '2020-01-25 06:11:51'),
(922, '192.168.5.157', '', '', 1, '2020-01-25 06:11:51', '2020-01-25 06:11:51'),
(923, '192.168.5.158', '', '', 1, '2020-01-25 06:11:51', '2020-01-25 06:11:51'),
(924, '192.168.5.159', '', '', 1, '2020-01-25 06:11:51', '2020-01-25 06:11:51'),
(925, '192.168.5.160', '', '', 1, '2020-01-25 06:11:51', '2020-01-25 06:11:51'),
(926, '192.168.5.161', '', '', 1, '2020-01-25 06:11:51', '2020-01-25 06:11:51'),
(927, '192.168.5.162', '', '', 1, '2020-01-25 06:11:51', '2020-01-25 06:11:51'),
(928, '192.168.5.163', '', '', 1, '2020-01-25 06:11:51', '2020-01-25 06:11:51'),
(929, '192.168.5.164', '', '', 1, '2020-01-25 06:11:51', '2020-01-25 06:11:51'),
(930, '192.168.5.165', '', '', 1, '2020-01-25 06:11:51', '2020-01-25 06:11:51'),
(931, '192.168.5.166', '', '', 1, '2020-01-25 06:11:51', '2020-01-25 06:11:51'),
(932, '192.168.5.167', '', '', 1, '2020-01-25 06:11:51', '2020-01-25 06:11:51'),
(933, '192.168.5.168', '', '', 1, '2020-01-25 06:11:51', '2020-01-25 06:11:51'),
(934, '192.168.5.169', '', '', 1, '2020-01-25 06:11:51', '2020-01-25 06:11:51'),
(935, '192.168.5.170', '', '', 1, '2020-01-25 06:11:51', '2020-01-25 06:11:51'),
(936, '192.168.5.171', '', '', 1, '2020-01-25 06:11:51', '2020-01-25 06:11:51'),
(937, '192.168.5.172', '', '', 1, '2020-01-25 06:11:51', '2020-01-25 06:11:51'),
(938, '192.168.5.173', '', '', 1, '2020-01-25 06:11:51', '2020-01-25 06:11:51'),
(939, '192.168.5.174', '', '', 1, '2020-01-25 06:11:51', '2020-01-25 06:11:51'),
(940, '192.168.5.175', '', '', 1, '2020-01-25 06:11:51', '2020-01-25 06:11:51'),
(941, '192.168.5.176', '', '', 1, '2020-01-25 06:11:51', '2020-01-25 06:11:51'),
(942, '192.168.5.177', '', '', 1, '2020-01-25 06:11:51', '2020-01-25 06:11:51'),
(943, '192.168.5.178', '', '', 1, '2020-01-25 06:11:51', '2020-01-25 06:11:51'),
(944, '192.168.5.179', '', '', 1, '2020-01-25 06:11:51', '2020-01-25 06:11:51'),
(945, '192.168.5.180', '', '', 1, '2020-01-25 06:11:51', '2020-01-25 06:11:51'),
(946, '192.168.5.181', '', '', 1, '2020-01-25 06:11:51', '2020-01-25 06:11:51'),
(947, '192.168.5.182', '', '', 1, '2020-01-25 06:11:51', '2020-01-25 06:11:51'),
(948, '192.168.5.183', '', '', 1, '2020-01-25 06:11:51', '2020-01-25 06:11:51'),
(949, '192.168.5.184', '', '', 1, '2020-01-25 06:11:51', '2020-01-25 06:11:51'),
(950, '192.168.5.185', '', '', 1, '2020-01-25 06:11:51', '2020-01-25 06:11:51'),
(951, '192.168.5.186', '', '', 1, '2020-01-25 06:11:51', '2020-01-25 06:11:51'),
(952, '192.168.5.187', '', '', 1, '2020-01-25 06:11:51', '2020-01-25 06:11:51'),
(953, '192.168.5.188', '', '', 1, '2020-01-25 06:11:51', '2020-01-25 06:11:51'),
(954, '192.168.5.189', '', '', 1, '2020-01-25 06:11:51', '2020-01-25 06:11:51'),
(955, '192.168.5.190', '', '', 1, '2020-01-25 06:11:51', '2020-01-25 06:11:51'),
(956, '192.168.5.191', '', '', 1, '2020-01-25 06:11:51', '2020-01-25 06:11:51'),
(957, '192.168.5.192', '', '', 1, '2020-01-25 06:11:51', '2020-01-25 06:11:51'),
(958, '192.168.5.193', '', '', 1, '2020-01-25 06:11:51', '2020-01-25 06:11:51'),
(959, '192.168.5.194', '', '', 1, '2020-01-25 06:11:51', '2020-01-25 06:11:51'),
(960, '192.168.5.195', '', '', 1, '2020-01-25 06:11:51', '2020-01-25 06:11:51'),
(961, '192.168.5.196', '', '', 1, '2020-01-25 06:11:51', '2020-01-25 06:11:51'),
(962, '192.168.5.197', '', '', 1, '2020-01-25 06:11:51', '2020-01-25 06:11:51'),
(963, '192.168.5.198', '', '', 1, '2020-01-25 06:11:51', '2020-01-25 06:11:51'),
(964, '192.168.5.199', '', '', 1, '2020-01-25 06:11:51', '2020-01-25 06:11:51'),
(965, '192.168.5.200', '', '', 1, '2020-01-25 06:11:51', '2020-01-25 06:11:51'),
(966, '192.168.5.201', '', '', 1, '2020-01-25 06:11:51', '2020-01-25 06:11:51'),
(967, '192.168.5.202', '', '', 1, '2020-01-25 06:11:51', '2020-01-25 06:11:51'),
(968, '192.168.5.203', '', '', 1, '2020-01-25 06:11:51', '2020-01-25 06:11:51'),
(969, '192.168.5.204', '', '', 1, '2020-01-25 06:11:51', '2020-01-25 06:11:51'),
(970, '192.168.5.205', '', '', 1, '2020-01-25 06:11:51', '2020-01-25 06:11:51'),
(971, '192.168.5.206', '', '', 1, '2020-01-25 06:11:51', '2020-01-25 06:11:51'),
(972, '192.168.5.207', '', '', 1, '2020-01-25 06:11:51', '2020-01-25 06:11:51'),
(973, '192.168.5.208', '', '', 1, '2020-01-25 06:11:51', '2020-01-25 06:11:51'),
(974, '192.168.5.209', '', '', 1, '2020-01-25 06:11:51', '2020-01-25 06:11:51'),
(975, '192.168.5.210', '', '', 1, '2020-01-25 06:11:51', '2020-01-25 06:11:51'),
(976, '192.168.5.211', '', '', 1, '2020-01-25 06:11:51', '2020-01-25 06:11:51'),
(977, '192.168.5.212', '', '', 1, '2020-01-25 06:11:51', '2020-01-25 06:11:51'),
(978, '192.168.5.213', '', '', 1, '2020-01-25 06:11:51', '2020-01-25 06:11:51'),
(979, '192.168.5.214', '', '', 1, '2020-01-25 06:11:51', '2020-01-25 06:11:51'),
(980, '192.168.5.215', '', '', 1, '2020-01-25 06:11:51', '2020-01-25 06:11:51'),
(981, '192.168.5.216', '', '', 1, '2020-01-25 06:11:51', '2020-01-25 06:11:51'),
(982, '192.168.5.217', '', '', 1, '2020-01-25 06:11:51', '2020-01-25 06:11:51'),
(983, '192.168.5.218', '', '', 1, '2020-01-25 06:11:51', '2020-01-25 06:11:51'),
(984, '192.168.5.219', '', '', 1, '2020-01-25 06:11:51', '2020-01-25 06:11:51'),
(985, '192.168.5.220', '', '', 1, '2020-01-25 06:11:51', '2020-01-25 06:11:51'),
(986, '192.168.5.221', '', '', 1, '2020-01-25 06:11:51', '2020-01-25 06:11:51'),
(987, '192.168.5.222', '', '', 1, '2020-01-25 06:11:51', '2020-01-25 06:11:51'),
(988, '192.168.5.223', '', '', 1, '2020-01-25 06:11:51', '2020-01-25 06:11:51'),
(989, '192.168.5.224', '', '', 1, '2020-01-25 06:11:51', '2020-01-25 06:11:51'),
(990, '192.168.5.225', '', '', 1, '2020-01-25 06:11:51', '2020-01-25 06:11:51'),
(991, '192.168.5.226', '', '', 1, '2020-01-25 06:11:51', '2020-01-25 06:11:51'),
(992, '192.168.5.227', '', '', 1, '2020-01-25 06:11:51', '2020-01-25 06:11:51'),
(993, '192.168.5.228', '', '', 1, '2020-01-25 06:11:51', '2020-01-25 06:11:51'),
(994, '192.168.5.229', '', '', 1, '2020-01-25 06:11:51', '2020-01-25 06:11:51'),
(995, '192.168.5.230', '', '', 1, '2020-01-25 06:11:51', '2020-01-25 06:11:51'),
(996, '192.168.5.231', '', '', 1, '2020-01-25 06:11:51', '2020-01-25 06:11:51'),
(997, '192.168.5.232', '', '', 1, '2020-01-25 06:11:51', '2020-01-25 06:11:51'),
(998, '192.168.5.233', '', '', 1, '2020-01-25 06:11:51', '2020-01-25 06:11:51'),
(999, '192.168.5.234', '', '', 1, '2020-01-25 06:11:51', '2020-01-25 06:11:51'),
(1000, '192.168.5.235', '', '', 1, '2020-01-25 06:11:51', '2020-01-25 06:11:51'),
(1001, '192.168.5.236', '', '', 1, '2020-01-25 06:11:51', '2020-01-25 06:11:51'),
(1002, '192.168.5.237', '', '', 1, '2020-01-25 06:11:51', '2020-01-25 06:11:51'),
(1003, '192.168.5.238', '', '', 1, '2020-01-25 06:11:51', '2020-01-25 06:11:51'),
(1004, '192.168.5.239', '', '', 1, '2020-01-25 06:11:51', '2020-01-25 06:11:51'),
(1005, '192.168.5.240', '', '', 1, '2020-01-25 06:11:51', '2020-01-25 06:11:51'),
(1006, '192.168.5.241', '', '', 1, '2020-01-25 06:11:51', '2020-01-25 06:11:51'),
(1007, '192.168.5.242', '', '', 1, '2020-01-25 06:11:51', '2020-01-25 06:11:51'),
(1008, '192.168.5.243', '', '', 1, '2020-01-25 06:11:51', '2020-01-25 06:11:51'),
(1009, '192.168.5.244', '', '', 1, '2020-01-25 06:11:51', '2020-01-25 06:11:51'),
(1010, '192.168.5.245', '', '', 1, '2020-01-25 06:11:51', '2020-01-25 06:11:51'),
(1011, '192.168.5.246', '', '', 1, '2020-01-25 06:11:51', '2020-01-25 06:11:51'),
(1012, '192.168.5.247', '', '', 1, '2020-01-25 06:11:51', '2020-01-25 06:11:51'),
(1013, '192.168.5.248', '', '', 1, '2020-01-25 06:11:51', '2020-01-25 06:11:51'),
(1014, '192.168.5.249', '', '', 1, '2020-01-25 06:11:51', '2020-01-25 06:11:51'),
(1015, '192.168.5.250', '', '', 1, '2020-01-25 06:11:51', '2020-01-25 06:11:51'),
(1016, '192.168.5.251', '', '', 1, '2020-01-25 06:11:51', '2020-01-25 06:11:51'),
(1017, '192.168.5.252', '', '', 1, '2020-01-25 06:11:51', '2020-01-25 06:11:51'),
(1018, '192.168.5.253', '', '', 1, '2020-01-25 06:11:51', '2020-01-25 06:11:51'),
(1019, '192.168.5.254', '', '', 1, '2020-01-25 06:11:51', '2020-01-25 06:11:51'),
(1020, '192.168.5.255', '', '', 1, '2020-01-25 06:11:51', '2020-01-25 06:11:51');

-- --------------------------------------------------------

--
-- Estructura de tabla para la tabla `routers`
--

CREATE TABLE `routers` (
  `ip` varchar(191) COLLATE utf8mb4_unicode_ci NOT NULL,
  `wifi` varchar(191) COLLATE utf8mb4_unicode_ci NOT NULL,
  `password_wifi` varchar(191) COLLATE utf8mb4_unicode_ci NOT NULL,
  `usuario` varchar(191) COLLATE utf8mb4_unicode_ci NOT NULL,
  `password` varchar(191) COLLATE utf8mb4_unicode_ci NOT NULL,
  `descripcion` text COLLATE utf8mb4_unicode_ci DEFAULT NULL,
  `estado` tinyint(1) NOT NULL DEFAULT 1,
  `created_at` timestamp NULL DEFAULT NULL,
  `updated_at` timestamp NULL DEFAULT NULL
) ENGINE=InnoDB DEFAULT CHARSET=utf8mb4 COLLATE=utf8mb4_unicode_ci;

-- --------------------------------------------------------

--
-- Estructura de tabla para la tabla `servicios`
--

CREATE TABLE `servicios` (
  `id` bigint(20) UNSIGNED NOT NULL,
  `user_id` bigint(20) UNSIGNED DEFAULT NULL,
  `usuario_id` bigint(20) UNSIGNED DEFAULT NULL,
  `fecha` date NOT NULL,
  `descripcion` text COLLATE utf8mb4_unicode_ci DEFAULT NULL,
  `estado` tinyint(1) NOT NULL DEFAULT 1,
  `created_at` timestamp NULL DEFAULT NULL,
  `updated_at` timestamp NULL DEFAULT NULL
) ENGINE=InnoDB DEFAULT CHARSET=utf8mb4 COLLATE=utf8mb4_unicode_ci;

-- --------------------------------------------------------

--
-- Estructura de tabla para la tabla `servidores`
--

CREATE TABLE `servidores` (
  `id` bigint(20) UNSIGNED NOT NULL,
  `ip` varchar(191) COLLATE utf8mb4_unicode_ci NOT NULL,
  `descripcion` varchar(191) COLLATE utf8mb4_unicode_ci NOT NULL,
  `nombre` varchar(191) COLLATE utf8mb4_unicode_ci NOT NULL,
  `usuario` varchar(191) COLLATE utf8mb4_unicode_ci NOT NULL,
  `password` varchar(191) COLLATE utf8mb4_unicode_ci NOT NULL,
  `estado` tinyint(1) NOT NULL DEFAULT 1,
  `created_at` timestamp NULL DEFAULT NULL,
  `updated_at` timestamp NULL DEFAULT NULL
) ENGINE=InnoDB DEFAULT CHARSET=utf8mb4 COLLATE=utf8mb4_unicode_ci;

--
-- Volcado de datos para la tabla `servidores`
--

INSERT INTO `servidores` (`id`, `ip`, `descripcion`, `nombre`, `usuario`, `password`, `estado`, `created_at`, `updated_at`) VALUES
(1, '192.168.10.221', 'Kasperky', 'Antivirus', 'Admin', 'Adgroman', 1, '2020-01-25 02:40:54', '2020-01-25 02:40:54');

-- --------------------------------------------------------

--
-- Estructura de tabla para la tabla `sucursals`
--

CREATE TABLE `sucursals` (
  `id` bigint(20) UNSIGNED NOT NULL,
  `nombre` varchar(50) COLLATE utf8mb4_unicode_ci NOT NULL,
  `estado` tinyint(1) NOT NULL DEFAULT 1,
  `created_at` timestamp NULL DEFAULT NULL,
  `updated_at` timestamp NULL DEFAULT NULL
) ENGINE=InnoDB DEFAULT CHARSET=utf8mb4 COLLATE=utf8mb4_unicode_ci;

--
-- Volcado de datos para la tabla `sucursals`
--

INSERT INTO `sucursals` (`id`, `nombre`, `estado`, `created_at`, `updated_at`) VALUES
(1, 'Cristo', 1, '2019-12-11 04:08:09', '2019-12-11 04:08:09'),
(2, 'Los Pozos', 1, '2019-12-11 04:08:21', '2019-12-11 04:08:21'),
(3, 'Parque Industrial', 1, '2019-12-11 04:08:47', '2019-12-11 04:08:47'),
(4, 'Colonia Pirai', 1, '2019-12-11 04:09:05', '2019-12-11 04:09:05'),
(5, 'Cuatro Cañada', 1, '2019-12-11 04:09:42', '2019-12-11 04:09:42'),
(6, 'Minero', 1, '2019-12-11 04:10:01', '2019-12-11 04:10:01'),
(7, 'Montero', 1, '2019-12-11 04:10:16', '2019-12-11 04:10:16');

-- --------------------------------------------------------

--
-- Estructura de tabla para la tabla `users`
--

CREATE TABLE `users` (
  `id` bigint(20) UNSIGNED NOT NULL,
  `name` varchar(191) COLLATE utf8mb4_unicode_ci NOT NULL,
  `email` varchar(191) COLLATE utf8mb4_unicode_ci NOT NULL,
  `email_verified_at` timestamp NULL DEFAULT NULL,
  `password` varchar(191) COLLATE utf8mb4_unicode_ci NOT NULL,
  `remember_token` varchar(100) COLLATE utf8mb4_unicode_ci DEFAULT NULL,
  `estado` tinyint(1) NOT NULL DEFAULT 1,
  `created_at` timestamp NULL DEFAULT NULL,
  `updated_at` timestamp NULL DEFAULT NULL
) ENGINE=InnoDB DEFAULT CHARSET=utf8mb4 COLLATE=utf8mb4_unicode_ci;

--
-- Volcado de datos para la tabla `users`
--

INSERT INTO `users` (`id`, `name`, `email`, `email_verified_at`, `password`, `remember_token`, `estado`, `created_at`, `updated_at`) VALUES
(1, 'Soporte Sistemas', 'soporte.sistemas@ag.com.bo', NULL, '$2y$10$hfYZiebUUTdfH6CPKsQHq.dPVHQ.CIWMORCLFTKiphMNbNPoiy84m', NULL, 1, '2020-01-25 06:00:07', '2020-01-25 06:00:07'),
(2, 'Herlan Veizaga', 'jsistemas@ag.com.bo', NULL, '$2y$10$b17mXG9POv1e3UxcV3xTEeEq30otOQin14YbJDBBTJUPfTWAfYxyC', 'MWTDlnGBQLVKXgcAIJ14cpbkL1FJPigPwJLsbC7q9YjYAYTZpSehuOQZa3H4', 1, '2020-01-01 04:25:00', '2020-01-01 04:25:00');

-- --------------------------------------------------------

--
-- Estructura de tabla para la tabla `usuarios`
--

CREATE TABLE `usuarios` (
  `id` bigint(20) UNSIGNED NOT NULL,
  `sucursal_id` bigint(20) UNSIGNED NOT NULL,
  `departamento_id` bigint(20) UNSIGNED NOT NULL,
  `empresa_id` bigint(20) UNSIGNED NOT NULL,
  `nombre` varchar(50) COLLATE utf8mb4_unicode_ci DEFAULT NULL,
  `email` varchar(191) COLLATE utf8mb4_unicode_ci DEFAULT NULL,
  `password` varchar(191) COLLATE utf8mb4_unicode_ci DEFAULT NULL,
  `celular` varchar(50) COLLATE utf8mb4_unicode_ci DEFAULT NULL,
  `corto` varchar(50) COLLATE utf8mb4_unicode_ci DEFAULT NULL,
  `interno` varchar(50) COLLATE utf8mb4_unicode_ci DEFAULT NULL,
  `estado` tinyint(1) NOT NULL DEFAULT 1,
  `created_at` timestamp NULL DEFAULT NULL,
  `updated_at` timestamp NULL DEFAULT NULL
) ENGINE=InnoDB DEFAULT CHARSET=utf8mb4 COLLATE=utf8mb4_unicode_ci;

--
-- Volcado de datos para la tabla `usuarios`
--

INSERT INTO `usuarios` (`id`, `sucursal_id`, `departamento_id`, `empresa_id`, `nombre`, `email`, `password`, `celular`, `corto`, `interno`, `estado`, `created_at`, `updated_at`) VALUES
(1, 1, 1, 1, 'Africa Alejandra Landívar Polo', 'gfinanzas@ag.com.bo', 'Alejandra19', '65067428', '8012', '1201', 1, '0000-00-00 00:00:00', '0000-00-00 00:00:00'),
(2, 1, 1, 1, 'Ursula Plaza Salazar', 'conrol.gestion@ag.com.bo', '$uplaza19$', '', '', '1503', 1, '0000-00-00 00:00:00', '0000-00-00 00:00:00'),
(3, 1, 1, 1, 'Juan Steer Salas', 'steersalas@ag.com.bo', 'Chirimoya1', '70059885', '2000', '1001', 1, '0000-00-00 00:00:00', '0000-00-00 00:00:00'),
(4, 1, 1, 1, 'Mariana Steer Nunes', 'msteer@ag.com.bo', '2123', '70059880', '2008', '1002', 1, '0000-00-00 00:00:00', '0000-00-00 00:00:00'),
(5, 1, 1, 1, 'Juan Steer Nunes', 'jsteer@ag.com.bo', 'Negocios2019', '70059881', '2001', '1003', 1, '0000-00-00 00:00:00', '0000-00-00 00:00:00'),
(6, 1, 1, 1, 'Silvia Quiroga Gonzales', 'asistente.gerencia@ag.com.bo', 'Hoy31044', '', '', '1004', 1, '0000-00-00 00:00:00', '0000-00-00 00:00:00'),
(7, 1, 1, 1, 'Reina Matsumoto Nishizawa', 'asistente.adm@ag.com.bo', 'Rmatsumoto2019', '70816748', '8023', '1005', 1, '0000-00-00 00:00:00', '0000-00-00 00:00:00'),
(8, 4, 8, 1, 'Grover Romero Velez', 'almacen.cp1@ag.com.bo', 'Roq16647', '', '', '4101', 1, '0000-00-00 00:00:00', '0000-00-00 00:00:00'),
(9, 1, 8, 1, 'Moises Rodrigo Borda Lobo', 'almacen.cr1@ag.com.bo', 'Puh41322', '65067423', '8010', '1401', 1, '0000-00-00 00:00:00', '0000-00-00 00:00:00'),
(10, 1, 8, 1, 'Jesús Llanos', 'coordinador.almacenes@ag.com.bo', 'Vas46352', '79879371', '', '8027', 1, '0000-00-00 00:00:00', '0000-00-00 00:00:00'),
(11, 5, 8, 1, 'Pastor Nogales Perez', 'almacen.4c1@ag.com.bo', 'Top45928', '', '', '5101', 1, '0000-00-00 00:00:00', '0000-00-00 00:00:00'),
(12, 6, 8, 1, 'Daniel Molina', 'almacen.mi1@ag.com.bo', '1', '', '', '3101', 1, '0000-00-00 00:00:00', '0000-00-00 00:00:00'),
(13, 3, 8, 1, 'Christian Gutierrez', 'almacen.pi2@ag.com.bo', 'Saj46385', '', '', '2401', 1, '0000-00-00 00:00:00', '0000-00-00 00:00:00'),
(14, 3, 8, 1, 'Pablo Jesús Rossendi Mendía', 'almacen.pi1@ag.com.bo', 'Dan56384', '65067433', '8014', '8014', 1, '0000-00-00 00:00:00', '0000-00-00 00:00:00'),
(15, 4, 9, 1, 'Ruben Mendoza Zabala', 'caja.cp1@ag.com.bo', 'Zok95351', '70863617', '2021', '4101', 1, '0000-00-00 00:00:00', '0000-00-00 00:00:00'),
(16, 1, 9, 1, 'Victor Alfonso Vaca Pedraza', 'caja.cr2@ag.com.bo', '22019', '', '', '1204', 1, '0000-00-00 00:00:00', '0000-00-00 00:00:00'),
(17, 5, 9, 1, 'Jose Antonio Mamani', 'caja.4c1@ag.com.bo', 'Vak26863', '', '', '5201', 1, '0000-00-00 00:00:00', '0000-00-00 00:00:00'),
(18, 6, 9, 1, 'Ignacio Justiniano Zabala', 'caja.mi1@ag.com.bo', '1', '', '', '3201', 1, '0000-00-00 00:00:00', '0000-00-00 00:00:00'),
(19, 1, 4, 1, 'Luis Alejandro Nava Vargas', 'sgrepuestos@ag.com.bo', '', '70409755', '7755', '1109', 1, '0000-00-00 00:00:00', '0000-00-00 00:00:00'),
(20, 1, 4, 1, 'Daniela Oropeza Wende', 'marketing@ag.com.bo', 'Taw30061', '61551029', '8020', '1101', 1, '0000-00-00 00:00:00', '0000-00-00 00:00:00'),
(21, 1, 4, 1, 'Juan Carlos Baya', 'sgventas@ag.com.bo', '', '', '', '1111', 1, '0000-00-00 00:00:00', '0000-00-00 00:00:00'),
(22, 1, 5, 1, 'Carlos Hugo Cerezo Salas', 'contador@ag.com.bo', 'Yak09828', '', '', '1502', 1, '0000-00-00 00:00:00', '0000-00-00 00:00:00'),
(23, 1, 5, 1, 'Junior Sixto Arce Vidal', 'auxiliar.contable2@ag.com.bo', 'Lud54722', '', '', '1505', 1, '0000-00-00 00:00:00', '0000-00-00 00:00:00'),
(24, 1, 5, 1, 'Roxana Flores', 'asistente.contable@ag.com.bo', '$Asistente2019$', '', '', '1504', 1, '0000-00-00 00:00:00', '0000-00-00 00:00:00'),
(25, 1, 5, 1, 'Moises Medrano Justiniano', 'auxiliar.contable1@ag.com.bo', 'Auxiliar19', '79892089', '2089', '1504', 1, '0000-00-00 00:00:00', '0000-00-00 00:00:00'),
(26, 1, 5, 1, 'Carla Andrea Ugarte', 'auxiliar.contable3@ag.com.bo', 'Caj89718', '', '', '1505', 1, '0000-00-00 00:00:00', '0000-00-00 00:00:00'),
(27, 1, 5, 1, 'Graciela Morales Pedriel', 'contabilidad@ag.com.bo', 'Gracielamp80', '', '', '1501', 1, '0000-00-00 00:00:00', '0000-00-00 00:00:00'),
(28, 1, 6, 1, 'Hernán Dario Chirinos Ochoa', 'glogistica@ag.com.bo', '', '65067431', '8013', '1305', 1, '0000-00-00 00:00:00', '0000-00-00 00:00:00'),
(29, 1, 6, 1, 'Elvis Mariel Osinaga Galvis', 'compras@ag.com.bo', '$Eosinaga2019$', '', '', '1306', 1, '0000-00-00 00:00:00', '0000-00-00 00:00:00'),
(30, 1, 6, 1, 'Jhoseline Stephany Salguero Rojas', 'analista.inventario@ag.com.bo', 'Salguero2019', '', '', '1307', 1, '0000-00-00 00:00:00', '0000-00-00 00:00:00'),
(31, 1, 6, 1, 'Mery Arauz Dominguez', 'importaciones@ag.com.bo', '$Mery2019$', '', '', '1303', 1, '0000-00-00 00:00:00', '0000-00-00 00:00:00'),
(32, 1, 6, 1, 'Osmar Abel Alcázar Durán', 'sgimportaciones@ag.com.bo', 'Alcazar2019', '70066151', '7151', '1302', 1, '0000-00-00 00:00:00', '0000-00-00 00:00:00'),
(33, 1, 3, 1, 'Mark Fuentes', 'rrhh@ag.com.bo', 'Tay33019', '78155770', '', '1601', 1, '0000-00-00 00:00:00', '0000-00-00 00:00:00'),
(34, 1, 3, 1, 'Patricia Chavez Claure', 'jefe.oym@ag.com.bo', 'Fuj49608', '', '', '1602', 1, '0000-00-00 00:00:00', '0000-00-00 00:00:00'),
(35, 1, 3, 1, 'Mark Fuentes', 'rrhh@ag.com.bo', 'Tay33019', '78155770', '', '1601', 1, '0000-00-00 00:00:00', '0000-00-00 00:00:00'),
(36, 1, 7, 1, 'Cesar Serrano', 'soporte.sistemas@ag.com.bo', '$Sistemas123$', '65067421', '8009', '1701', 1, '0000-00-00 00:00:00', '0000-00-00 00:00:00'),
(37, 1, 7, 1, 'Herlan Veizaga S.', 'jsistemas@ag.com.bo', '', '67702939', '', '1702', 1, '0000-00-00 00:00:00', '0000-00-00 00:00:00'),
(38, 1, 2, 1, 'Maribel Rodriguez Antelo', 'tesoreria@ag.com.bo', 'Mrodriguez19', '70084636', '7851', '1203', 1, '0000-00-00 00:00:00', '0000-00-00 00:00:00'),
(39, 1, 2, 1, 'Favio Cosme Quisbert Gutiérrez', 'creditos@ag.com.bo', '1', '76066068', '2009', '1202', 1, '0000-00-00 00:00:00', '0000-00-00 00:00:00'),
(40, 4, 10, 1, 'José Luis Flores Torrico', 'ventas15@ag.com.bo', 'Vaj74909', '79887759', '7759', '4101', 1, '0000-00-00 00:00:00', '0000-00-00 00:00:00'),
(41, 4, 10, 1, 'Julio Cesar Flores Vargas', 'ventas13@ag.com.bo', 'Ruc90053', '', '', '', 1, '0000-00-00 00:00:00', '0000-00-00 00:00:00'),
(42, 4, 10, 1, 'Carlos Mendía Méndez', 'ventas14@ag.com.bo', 'Quy11882', '750 03999', '', '4101', 1, '0000-00-00 00:00:00', '0000-00-00 00:00:00'),
(43, 1, 10, 1, 'Alejandro Toledo Raldés', 'ventas06@ag.com.bo', 'Lur56423', '65062845', '8007', '1108', 1, '0000-00-00 00:00:00', '0000-00-00 00:00:00'),
(44, 1, 10, 1, 'Kevin Velasco Salazar', 'ventas17@ag.com.bo', 'Jun61480', '', '', '1104', 1, '0000-00-00 00:00:00', '0000-00-00 00:00:00'),
(45, 1, 10, 1, 'Daniel Mendez Rodriguez', 'ventas05@ag.com.bo', 'Lay93320', '', '', '1106', 1, '0000-00-00 00:00:00', '0000-00-00 00:00:00'),
(46, 1, 10, 1, 'Hermann Danny Añez Claros', 'ventas01@ag.com.bo', '19770', '', '', '1103', 1, '0000-00-00 00:00:00', '0000-00-00 00:00:00'),
(47, 1, 10, 1, 'Efrain Gerson Ulloa Jimenéz', 'ventas07@ag.com.bo', 'Xoz85465', '65062838', '8003', '1105', 1, '0000-00-00 00:00:00', '0000-00-00 00:00:00'),
(48, 5, 10, 1, 'Jimmy Egüez Cardona', 'ventas09@ag.com.bo', 'Muv94550', '70005003', '', '5101', 1, '0000-00-00 00:00:00', '0000-00-00 00:00:00'),
(49, 6, 10, 1, 'Camilo Fernando Jimenez Andia', 'ventas12@ag.com.bo', '$119$', '70059994', '8017', '3101', 1, '0000-00-00 00:00:00', '0000-00-00 00:00:00'),
(50, 6, 10, 1, 'Juan Alberto Suárez Rodríguez', 'ventas11@ag.com.bo', 'Fav13116', '65067427', '8011', '3101', 1, '0000-00-00 00:00:00', '0000-00-00 00:00:00'),
(51, 1, 8, 2, 'Bernardino Andrade Peña', 'almacen.cr2@ag.com.bo', 'Gor87029', '', '', '6401', 1, '0000-00-00 00:00:00', '0000-00-00 00:00:00'),
(52, 6, 8, 2, 'Elio Alcocer', '', '', '', '', '6106', 1, '0000-00-00 00:00:00', '0000-00-00 00:00:00'),
(53, 7, 8, 2, 'Joel Dávalos', 'almacen.mt1@ag.com.bo', '$mt2018$', '', '', '6110', 1, '0000-00-00 00:00:00', '0000-00-00 00:00:00'),
(54, 1, 9, 2, 'Elvira Ruliana Arce Sanchez', 'supervision.cajas@ag.com.bo', 'RulianaA19', '77063012', '', '6201', 1, '0000-00-00 00:00:00', '0000-00-00 00:00:00'),
(55, 2, 9, 2, 'Ernesto Encina Parada', 'caja.cr1@ag.com.bo', 'Victorv19', '', '', '6109', 1, '0000-00-00 00:00:00', '0000-00-00 00:00:00'),
(56, 6, 9, 2, 'Camilo Fernando Jimenez Andia', 'ventas12@ag.com.bo', '$119$', '70059994', '8017', '6106', 1, '0000-00-00 00:00:00', '0000-00-00 00:00:00'),
(57, 7, 9, 2, 'Carlos Hugo Osinaga Gutierrez', 'caja.mt1@ag.com.bo', 'Joh51749', '79892667', '8025', '6206', 1, '0000-00-00 00:00:00', '0000-00-00 00:00:00'),
(58, 1, 3, 2, 'Yecid Lens Rojas', 'asistente.rrhh@ag.com.bo', 'Ram11660', '', '', '1603', 1, '0000-00-00 00:00:00', '0000-00-00 00:00:00'),
(59, 1, 7, 2, 'Luis Rodrigo Abasto', 'soporte.sistemas@ag.com.bo', '$Sistemas123$', '', '', '1703 - 1704', 1, '0000-00-00 00:00:00', '0000-00-00 00:00:00'),
(60, 1, 2, 2, 'Samuel Vincaya Duran', 'caja.pz1@ag.com.bo', 'Bus83196', '', '', '1205', 1, '0000-00-00 00:00:00', '0000-00-00 00:00:00'),
(61, 4, 10, 2, 'José Luis Flores Torrico', 'ventas15@ag.com.bo', 'Vaj74909', '79887759', '7759', '6108', 1, '0000-00-00 00:00:00', '0000-00-00 00:00:00'),
(62, 1, 10, 2, 'Luis Daniel Altamirano Parra', 'ventas03@ag.com.bo', 'Zat25383', '65062841', '8005', '6102', 1, '0000-00-00 00:00:00', '0000-00-00 00:00:00'),
(63, 1, 10, 2, 'Harold Jesús Alpire Bravo', 'ventas02@ag.com.bo', 'Sab84760', '65067416', '8008', '6101', 1, '0000-00-00 00:00:00', '0000-00-00 00:00:00'),
(64, 5, 10, 2, 'Abraham Lopez', 'ventas10@ag.com.bo', '$Alopez19$', '65062843', '8006', '6107', 1, '0000-00-00 00:00:00', '0000-00-00 00:00:00'),
(65, 2, 10, 2, 'Mauricio Nina', 'ventas08@ag.com.bo', 'Kuy26453', '', '', '6109', 1, '0000-00-00 00:00:00', '0000-00-00 00:00:00'),
(66, 7, 10, 2, 'Rodrigo Ruiz Herrera', 'ventas16@ag.com.bo', 'Paf33513', '65062840', '8004', '6110', 1, '0000-00-00 00:00:00', '0000-00-00 00:00:00');

--
-- Índices para tablas volcadas
--

--
-- Indices de la tabla `categorias`
--
ALTER TABLE `categorias`
  ADD PRIMARY KEY (`id`);

--
-- Indices de la tabla `cuentas`
--
ALTER TABLE `cuentas`
  ADD PRIMARY KEY (`id`),
  ADD KEY `cuentas_usuario_id_foreign` (`usuario_id`);

--
-- Indices de la tabla `departamentos`
--
ALTER TABLE `departamentos`
  ADD PRIMARY KEY (`id`);

--
-- Indices de la tabla `empresas`
--
ALTER TABLE `empresas`
  ADD PRIMARY KEY (`id`);

--
-- Indices de la tabla `equipos`
--
ALTER TABLE `equipos`
  ADD PRIMARY KEY (`id`),
  ADD KEY `equipos_categoria_id_foreign` (`categoria_id`);

--
-- Indices de la tabla `failed_jobs`
--
ALTER TABLE `failed_jobs`
  ADD PRIMARY KEY (`id`);

--
-- Indices de la tabla `migrations`
--
ALTER TABLE `migrations`
  ADD PRIMARY KEY (`id`);

--
-- Indices de la tabla `notas`
--
ALTER TABLE `notas`
  ADD PRIMARY KEY (`id`),
  ADD KEY `notas_usuario_id_foreign` (`usuario_id`);

--
-- Indices de la tabla `nota_equipos`
--
ALTER TABLE `nota_equipos`
  ADD PRIMARY KEY (`id`),
  ADD KEY `nota_equipos_nota_id_foreign` (`nota_id`),
  ADD KEY `nota_equipos_equipo_id_foreign` (`equipo_id`);

--
-- Indices de la tabla `password_resets`
--
ALTER TABLE `password_resets`
  ADD KEY `password_resets_email_index` (`email`);

--
-- Indices de la tabla `red`
--
ALTER TABLE `red`
  ADD PRIMARY KEY (`id`),
  ADD UNIQUE KEY `red_ip_unique` (`ip`);

--
-- Indices de la tabla `servicios`
--
ALTER TABLE `servicios`
  ADD PRIMARY KEY (`id`),
  ADD KEY `servicios_user_id_foreign` (`user_id`),
  ADD KEY `servicios_usuario_id_foreign` (`usuario_id`);

--
-- Indices de la tabla `servidores`
--
ALTER TABLE `servidores`
  ADD PRIMARY KEY (`id`);

--
-- Indices de la tabla `sucursals`
--
ALTER TABLE `sucursals`
  ADD PRIMARY KEY (`id`);

--
-- Indices de la tabla `users`
--
ALTER TABLE `users`
  ADD PRIMARY KEY (`id`),
  ADD UNIQUE KEY `users_email_unique` (`email`);

--
-- Indices de la tabla `usuarios`
--
ALTER TABLE `usuarios`
  ADD PRIMARY KEY (`id`),
  ADD KEY `usuarios_sucursal_id_foreign` (`sucursal_id`),
  ADD KEY `usuarios_departamento_id_foreign` (`departamento_id`),
  ADD KEY `usuarios_empresa_id_foreign` (`empresa_id`);

--
-- AUTO_INCREMENT de las tablas volcadas
--

--
-- AUTO_INCREMENT de la tabla `categorias`
--
ALTER TABLE `categorias`
  MODIFY `id` bigint(20) UNSIGNED NOT NULL AUTO_INCREMENT;

--
-- AUTO_INCREMENT de la tabla `cuentas`
--
ALTER TABLE `cuentas`
  MODIFY `id` bigint(20) UNSIGNED NOT NULL AUTO_INCREMENT, AUTO_INCREMENT=2;

--
-- AUTO_INCREMENT de la tabla `departamentos`
--
ALTER TABLE `departamentos`
  MODIFY `id` bigint(20) UNSIGNED NOT NULL AUTO_INCREMENT, AUTO_INCREMENT=13;

--
-- AUTO_INCREMENT de la tabla `empresas`
--
ALTER TABLE `empresas`
  MODIFY `id` bigint(20) UNSIGNED NOT NULL AUTO_INCREMENT, AUTO_INCREMENT=3;

--
-- AUTO_INCREMENT de la tabla `equipos`
--
ALTER TABLE `equipos`
  MODIFY `id` bigint(20) UNSIGNED NOT NULL AUTO_INCREMENT;

--
-- AUTO_INCREMENT de la tabla `failed_jobs`
--
ALTER TABLE `failed_jobs`
  MODIFY `id` bigint(20) UNSIGNED NOT NULL AUTO_INCREMENT;

--
-- AUTO_INCREMENT de la tabla `migrations`
--
ALTER TABLE `migrations`
  MODIFY `id` int(10) UNSIGNED NOT NULL AUTO_INCREMENT, AUTO_INCREMENT=17;

--
-- AUTO_INCREMENT de la tabla `notas`
--
ALTER TABLE `notas`
  MODIFY `id` bigint(20) UNSIGNED NOT NULL AUTO_INCREMENT;

--
-- AUTO_INCREMENT de la tabla `nota_equipos`
--
ALTER TABLE `nota_equipos`
  MODIFY `id` bigint(20) UNSIGNED NOT NULL AUTO_INCREMENT;

--
-- AUTO_INCREMENT de la tabla `red`
--
ALTER TABLE `red`
  MODIFY `id` bigint(20) UNSIGNED NOT NULL AUTO_INCREMENT, AUTO_INCREMENT=1021;

--
-- AUTO_INCREMENT de la tabla `servicios`
--
ALTER TABLE `servicios`
  MODIFY `id` bigint(20) UNSIGNED NOT NULL AUTO_INCREMENT;

--
-- AUTO_INCREMENT de la tabla `servidores`
--
ALTER TABLE `servidores`
  MODIFY `id` bigint(20) UNSIGNED NOT NULL AUTO_INCREMENT, AUTO_INCREMENT=2;

--
-- AUTO_INCREMENT de la tabla `sucursals`
--
ALTER TABLE `sucursals`
  MODIFY `id` bigint(20) UNSIGNED NOT NULL AUTO_INCREMENT, AUTO_INCREMENT=8;

--
-- AUTO_INCREMENT de la tabla `users`
--
ALTER TABLE `users`
  MODIFY `id` bigint(20) UNSIGNED NOT NULL AUTO_INCREMENT, AUTO_INCREMENT=3;

--
-- AUTO_INCREMENT de la tabla `usuarios`
--
ALTER TABLE `usuarios`
  MODIFY `id` bigint(20) UNSIGNED NOT NULL AUTO_INCREMENT, AUTO_INCREMENT=67;

--
-- Restricciones para tablas volcadas
--

--
-- Filtros para la tabla `cuentas`
--
ALTER TABLE `cuentas`
  ADD CONSTRAINT `cuentas_usuario_id_foreign` FOREIGN KEY (`usuario_id`) REFERENCES `usuarios` (`id`);

--
-- Filtros para la tabla `equipos`
--
ALTER TABLE `equipos`
  ADD CONSTRAINT `equipos_categoria_id_foreign` FOREIGN KEY (`categoria_id`) REFERENCES `categorias` (`id`);

--
-- Filtros para la tabla `notas`
--
ALTER TABLE `notas`
  ADD CONSTRAINT `notas_usuario_id_foreign` FOREIGN KEY (`usuario_id`) REFERENCES `usuarios` (`id`);

--
-- Filtros para la tabla `nota_equipos`
--
ALTER TABLE `nota_equipos`
  ADD CONSTRAINT `nota_equipos_equipo_id_foreign` FOREIGN KEY (`equipo_id`) REFERENCES `equipos` (`id`),
  ADD CONSTRAINT `nota_equipos_nota_id_foreign` FOREIGN KEY (`nota_id`) REFERENCES `notas` (`id`);

--
-- Filtros para la tabla `servicios`
--
ALTER TABLE `servicios`
  ADD CONSTRAINT `servicios_user_id_foreign` FOREIGN KEY (`user_id`) REFERENCES `users` (`id`),
  ADD CONSTRAINT `servicios_usuario_id_foreign` FOREIGN KEY (`usuario_id`) REFERENCES `usuarios` (`id`);

--
-- Filtros para la tabla `usuarios`
--
ALTER TABLE `usuarios`
  ADD CONSTRAINT `usuarios_departamento_id_foreign` FOREIGN KEY (`departamento_id`) REFERENCES `departamentos` (`id`),
  ADD CONSTRAINT `usuarios_empresa_id_foreign` FOREIGN KEY (`empresa_id`) REFERENCES `empresas` (`id`),
  ADD CONSTRAINT `usuarios_sucursal_id_foreign` FOREIGN KEY (`sucursal_id`) REFERENCES `sucursals` (`id`);
COMMIT;

/*!40101 SET CHARACTER_SET_CLIENT=@OLD_CHARACTER_SET_CLIENT */;
/*!40101 SET CHARACTER_SET_RESULTS=@OLD_CHARACTER_SET_RESULTS */;
/*!40101 SET COLLATION_CONNECTION=@OLD_COLLATION_CONNECTION */;
